name,age,street,city,state,zip,lng,lat
Robert Patrick,71,2459 Johnson Isle,Barbermouth,Kansas,53071,148.083917,-5.733128
Brian Stone,77,261 Martin Tunnel,Lake Laura,Georgia,10361,-48.650956,-60.669166
Mark Bradford,18,95117 Robles Meadow Apt. 877,Derekton,Maine,51070,-170.569804,46.0908345
Sarah Chan,74,46321 Walker Vista Suite 863,Lake Jerryburgh,Colorado,25953,-127.998374,-27.674381
Andrew Smith,44,87827 Blake Ports,Michaelshire,Iowa,06357,16.876049,-40.164009
Joshua Gibbs,54,9218 Eric View,Thomasberg,Illinois,18862,-48.118423,-56.9220235
Megan Miller,39,64478 Mckenzie Turnpike Apt. 469,West Kellyville,Ohio,66613,-83.982533,63.1351875
William Navarro,44,64025 Davis Expressway Suite 284,Adamsbury,Mississippi,73088,-8.104949,-63.6529725
Christina Ferrell,80,06992 Catherine Shoal Apt. 435,Christianview,Maryland,42980,157.536988,33.721619
Darren Horne,25,60883 Victor Flats Suite 408,Jeffreyburgh,Illinois,55660,-15.641592,27.094280
Dr. Mark Lee IV,78,50438 Christopher Underpass Suite 577,Port Stephanieport,Nevada,03206,89.167048,8.983121
Dr. Samantha Thompson,32,14131 Lisa Harbor Suite 374,Maxwellmouth,Vermont,20690,-14.049394,29.368391
Jessica Marquez,22,738 Jones Creek,North Derek,Indiana,43170,-34.818318,-33.3747995
Jay Gordon,36,1250 John Heights,Hollyshire,California,77543,73.596368,-58.624805
Veronica Peterson,70,436 Christine Trail,Wintersside,Kansas,38703,-42.397446,39.1146005
Lori Guerrero,63,213 Gonzales Shores Apt. 093,Lake Tiffanyborough,Tennessee,37731,-83.592923,-74.1523065
Troy Howell,40,561 Lopez Hill,Port Ana,California,62284,-10.904723,-13.8292625
Cory Bernard,75,54609 William Island Suite 411,Lake Larryburgh,Kansas,02903,-99.145578,76.8993825
John Gonzalez,66,11219 Jonathan Cliff Suite 981,Johnfurt,Connecticut,58450,-130.153625,18.650453
Bryan Garcia,62,9559 Gary Passage,Campbellview,New Hampshire,56261,-20.981623,87.7518915
David Campbell,77,27311 Williams Rue Suite 095,Lake Latasha,Ohio,84199,-86.346718,-24.865433
David Sexton,63,5163 Foster Cape,Liuland,California,70922,109.034054,28.1938925
Cathy Swanson,54,58780 Jonathan Ramp,Port Douglasburgh,California,18402,-48.628449,-54.3949935
Cheryl Hodges,32,47611 Leonard Pike Apt. 999,East Brianna,Minnesota,61741,102.500018,81.921386
Larry Smith,59,73993 Laura Harbors,South Shannon,South Dakota,37082,-1.574748,54.728914
Elizabeth Torres,79,22814 Dan Crescent Suite 456,Downsbury,Wyoming,11027,-81.903112,57.754064
Tiffany Woods,67,05324 Brenda Prairie,New Amandaview,Pennsylvania,47933,-124.627956,36.8918115
Betty Hernandez,51,849 Alexander Drives,South Melvin,New York,66764,159.008557,24.671268
Deborah House,18,55682 Dustin Ridges,West Leonardfort,Wyoming,19046,4.493506,-23.656138
Cheryl Cruz,37,42264 Humphrey Fort,East Michaelborough,New Mexico,88134,122.815380,-81.543712
Eric Evans,53,26486 Miller Run Suite 663,Matthewville,Kansas,43855,47.943631,-74.1362485
Kristine Keith,76,5063 Warren Keys Apt. 604,Brandiville,Florida,83139,-74.247927,21.051649
Brian Morrison,38,038 Stein Trail Suite 838,Julieport,Mississippi,28114,80.529224,29.232097
Briana Patel,77,93694 Jonathan Well,Jonathanport,Montana,08702,111.749825,60.371756
Colleen Robbins,76,604 Thompson Mews Apt. 787,Lake Ernestfort,Maryland,18419,140.971567,69.9393895
Michelle Gutierrez,30,2141 Rose Fords,New Karenshire,Iowa,67545,-53.089647,-43.6456745
Jackie Clayton,60,1239 Kristen Greens Suite 942,Karlachester,Montana,06320,-176.525187,54.6992435
Katrina Romero,36,78613 Estes Stravenue,Kathytown,Minnesota,12393,-165.897952,-73.461707
Christy Chaney,59,18534 Strickland Valleys Suite 432,Holmesburgh,New Hampshire,74364,-81.221686,-36.264787
Randy Rojas,30,165 Roberts Mills,Floreston,Montana,78841,120.522599,-69.2676295
Suzanne York,19,36560 John Ports,Mauricefort,Idaho,42229,-170.757176,8.0633965
Erik Barber,77,35667 Juarez Plains Suite 058,Port Julie,North Carolina,65163,56.279800,34.203101
Theresa Steele,56,41290 Lee Extensions Suite 815,Combsburgh,Texas,42820,96.921551,72.4700635
Cameron Tyler,38,6958 Nicole Landing,West Benjaminhaven,Iowa,39163,-155.080043,-10.297911
Jennifer Robinson,41,5317 Payne Isle,Michaelborough,Florida,11591,171.962247,-78.9759325
Michele Richards,19,333 Theresa Freeway,East Stacyhaven,Hawaii,32328,-144.586421,24.005385
Austin Strong,63,35638 Hannah Prairie Apt. 802,Ashleychester,New Jersey,10753,20.568577,26.5198075
Jacqueline Parker,60,29034 Timothy Throughway Apt. 404,Sandovalburgh,Wisconsin,93801,-85.089718,-29.272922
Jessica Rogers,46,43340 Eric Throughway,South Wendy,Washington,05978,-148.305244,60.2410615
David Garcia,50,96554 Kyle Spur,Gonzalesfurt,Nebraska,58042,-159.007785,15.416453
Krista Graves,66,48107 Thomas Forge Apt. 602,East Rodney,Kentucky,80910,-139.676201,62.298029
Alexander Baker,34,551 Matthew Course,Shannonland,Hawaii,20586,103.226389,15.517621
Nicole Byrd,79,8037 Wilson Square,South Kimberly,Delaware,09625,44.489454,-56.196292
Derrick Flores,44,656 Jason Bridge,Port Matthew,North Dakota,98806,61.603809,-85.556515
Eileen Jenkins,62,7286 Justin Camp,Margaretshire,Mississippi,39933,136.335090,-76.2460055
Raymond Rodriguez,78,03115 Thomas Crossing Suite 432,South Dillon,Wyoming,24734,7.466354,-80.7779425
Holly Schneider,66,800 Michelle Parkways,Jontown,Idaho,01194,36.719408,89.481343
Colin Bennett,70,5910 Alisha Estates Apt. 499,Mitchellburgh,Montana,03205,-121.803357,58.159286
Timothy Walker,21,1115 Estes Junctions Suite 908,Robertborough,Delaware,51313,-61.087450,-8.4504595
David Cole,30,502 Gonzalez Grove,Lake Danielbury,Massachusetts,50817,129.098771,20.867950
Renee Church,54,012 Bernard Ferry,New Ashleybury,Illinois,92183,166.239586,-85.712690
Rebecca White,54,129 William Villages Apt. 737,Jessicaburgh,Minnesota,25369,79.381866,-29.322307
Thomas Fuentes,75,2953 Miller Spring Suite 780,South Pamelaport,Florida,69295,1.597810,50.0515005
Teresa White,27,39323 Brandon Port,West Paulland,Oklahoma,62166,119.550281,-21.531090
Justin Oneill,28,63215 Gary Dale,East Matthewburgh,Indiana,31819,-4.293204,-36.699454
Sharon Baldwin,55,90957 Armstrong Land,South Debra,Wyoming,48512,75.294232,12.799320
Tiffany Chapman,77,84436 Heath Loaf Suite 979,West Melinda,New Hampshire,95331,-164.688751,49.588749
Stephen Diaz,19,52526 Kyle Shoals,Port Christopher,Connecticut,37635,-28.495038,-46.864253
Robert Harris,30,209 Stacey Corner Suite 173,South Donna,New York,29644,129.096228,78.5389935
Tiffany Stewart,41,772 Moore Knolls,Port Juan,Wisconsin,91529,-117.472105,-26.9367365
Cynthia Franklin,48,46845 Raymond Glens,Mitchellfurt,Montana,35218,13.837742,13.042608
Walter Johnson,59,525 Miller Squares Suite 656,Port Davidland,Ohio,84585,150.837289,-43.1586845
Mary Wang,66,2588 Garrett Points Suite 219,West Luke,Rhode Island,90046,-177.936056,64.796867
Jonathan Nixon,61,835 Cortez Streets,Carlosshire,West Virginia,26536,28.520841,-77.3961795
Paula Morales,63,625 Fox Estates,Ethanshire,Connecticut,83843,-105.738691,79.9787345
Marcus Davis,45,93702 Villarreal Unions,South Brandonville,Nebraska,64121,100.793594,-77.098050
Tanner Oconnor,26,207 Selena Alley,Susanside,Montana,50166,8.860520,-62.221806
Ricardo Shannon,26,03300 Zachary Coves,North Stephaniemouth,Idaho,03122,-64.625684,-50.9215285
Mrs. Lisa Gardner,71,02217 Willis Hills Apt. 357,New Julieland,New Mexico,23867,-174.271240,-9.322481
Amanda Ramos,37,4047 Jenny Locks,East Teresa,Vermont,33650,2.366840,81.2892145
Daniel Smith,31,486 Brock Forges Suite 560,Jonathanville,Oklahoma,09419,104.160481,-45.546167
Tyler Evans,31,411 Wise Village,Dorseychester,Minnesota,03119,167.068489,22.829079
Nathan Frank,49,7261 Donovan Common Suite 452,Brownstad,Wyoming,65480,144.356721,-7.597393
Jose Foster,59,8806 Sean Fork Suite 858,Lake Lisamouth,Montana,99482,-49.269019,5.803197
Wendy Brown,33,52149 Clinton Station,Johnsonland,Minnesota,15066,108.931405,85.096494
Mallory Stephens,46,63254 Jessica Passage Apt. 997,East Jonathanview,Minnesota,44565,-83.874201,-56.7132385
Cindy Daniels,33,3405 Beth Skyway,Port Randyside,Tennessee,00658,142.110715,28.7641325
Dawn Taylor,50,96273 Martin Square,Christopherborough,Idaho,44538,-6.560504,84.6359935
Mrs. Kendra Lawrence DVM,33,099 Farmer Roads,Rebeccaville,Iowa,41784,68.371848,-51.123861
Austin Hughes,29,3406 Teresa Turnpike,Grahamton,Missouri,92385,173.933481,78.3167195
Matthew Gillespie,65,379 Roberts Streets Apt. 924,Port Marilyn,California,32841,-52.808373,82.570210
Stefanie Suarez,80,351 Smith Square,East Sarah,Idaho,17946,-29.218996,-20.553329
Andrew Gilbert,41,60973 Michael Forks,Cisnerosshire,Connecticut,34368,39.932388,-6.4391595
Renee Taylor,78,6134 Dakota River Apt. 151,Karenton,Minnesota,38871,82.571591,7.2166455
Sarah Stevenson,72,452 Michael Mountains Suite 307,West Ryanport,West Virginia,30743,-147.029642,31.552243
Billy Garcia,75,051 David Glen,Joanmouth,Delaware,26418,143.756472,61.023095
Rhonda Smith,51,558 James Village Apt. 868,Isabelland,South Carolina,95819,90.894532,-46.0632235
Jessica Ramos,73,95093 Angela Crossroad,Ernestmouth,Tennessee,53686,18.842960,69.2176235
Scott Thomas,57,1200 Martinez Unions Apt. 108,Lake Brianside,Utah,27146,75.238948,-82.4647755
Robert Wood,80,5685 Smith Forks,South Barbarachester,Connecticut,63006,4.064602,-70.6674595
Lori Knox,66,0396 James Spring,East Danielle,Oklahoma,73629,-169.907629,-60.873425
Calvin Reynolds,74,5811 Carter Shoal Suite 905,South Daniel,Connecticut,42539,171.784898,-4.063970
Daniel Smith,36,37571 Harris Pike Apt. 148,Franklinton,Tennessee,70401,-96.427276,-22.9295255
Dillon Clark,29,599 Bridges Loaf Apt. 812,Glassmouth,Mississippi,91559,72.283373,12.8281185
James Robles,41,55729 Johnson Burg,Lake Michael,Pennsylvania,67207,-113.065759,79.5831295
Jared Diaz,79,902 Ward Lodge Apt. 406,Shelleyburgh,Vermont,14564,-107.175193,-11.9824845
Geoffrey Tate,52,99063 Sherman Courts,Jamesside,Massachusetts,37725,35.099426,-80.395513
Dustin Dean,66,095 Sandoval Plains,Port Stevenbury,Rhode Island,70016,-18.389930,58.977300
Emily Rocha,20,072 Daniel Well,Randolphville,Colorado,75545,13.831774,7.072464
Gloria Mitchell,19,83931 Green Ford,Walkerhaven,Delaware,42525,90.167846,-6.8920395
Mary Andrews,76,486 Lee Manor Apt. 543,Tannerberg,Texas,89046,-153.293268,-9.4495385
Angela French,75,439 Weaver Pines,Andersonside,Arizona,64268,-71.692584,11.8542715
Dr. Karen Cameron,69,760 Lisa Island,South Philip,Arizona,60400,156.883436,-77.094011
Scott Allen,43,19851 Anthony Knolls,Mcphersonton,Oregon,49796,47.420579,70.875252
Kelly Park,68,0716 Dixon Mews Apt. 880,Lake Jeffrey,Hawaii,86285,-135.332648,47.0793815
Michael Robinson DDS,61,131 Watson Divide,Port Stacy,Idaho,06798,-116.740027,-34.8337185
Michael Gonzales,23,776 White Estates,Port Elizabeth,Louisiana,90073,-47.399434,-27.0216645
Michelle Kim,47,80688 Carolyn Passage Suite 680,Richardberg,South Carolina,16820,132.547170,35.7847655
Joshua Benjamin,33,66965 Barrett Coves Apt. 144,Estradaberg,Montana,54709,134.031928,63.1914555
Brenda Luna,21,081 Douglas Station Apt. 463,East Samanthamouth,Colorado,32186,-136.429298,69.4625405
David Johnson,25,3433 Burch Lights Apt. 219,Fischerborough,New Mexico,71150,94.449681,-15.957919
John Edwards,59,832 Angela Light,East Robert,Delaware,28352,-154.251933,40.855650
Ashley Allen,57,1690 Diaz Streets,Garyberg,Illinois,70436,179.063153,-56.532043
Katherine Rivera,80,6872 Kelly Run Apt. 714,South Nathanmouth,Virginia,05504,-5.777468,-85.293595
Megan Lucas,31,930 Mark Viaduct,Cruzfort,Arizona,50835,-7.608931,-39.9461515
John Rivera,52,927 Amy Ridges Apt. 448,Jessicamouth,Arkansas,68372,-175.848623,71.9369785
Brian Hall,77,331 Bianca Meadow,North Wesleyburgh,Florida,92714,164.184846,14.800266
Jessica Griffin,56,6705 Shepherd Mill,Port Tiffanybury,Michigan,99406,-157.116625,-75.1948245
Benjamin Mckenzie,30,66261 Linda Forges,West Alicia,Vermont,06445,35.378938,-64.787465
Alicia Marshall,23,2056 Powell Plain Apt. 803,West Michaelchester,Florida,40594,75.795587,-28.9548045
Michael Chavez,80,930 Thompson Green Apt. 771,Rojasview,New Hampshire,24429,-30.761030,-20.285324
Lindsey Marshall,42,61117 Ashley Trace,Lake Josephland,Alabama,88453,-70.634701,-62.5389475
Eric Martin Jr.,46,14177 Cameron Island,Hooverstad,Alaska,25433,134.452295,21.4860075
Ashley Harvey,20,401 Burnett Forks,Moralesville,Virginia,32430,55.832224,88.4353995
Shannon Smith,37,552 Daryl Port,Port Brandon,Louisiana,63752,-108.801943,-47.724164
Kevin Pratt,44,789 Derek Row Apt. 452,Port Jessica,New York,82403,118.103996,67.0151455
Chad Wright,76,6639 Kimberly Shores Suite 990,Wilkinsville,Georgia,96695,-149.130062,15.2934195
Alex Lawson,34,5975 Amanda Meadows Suite 910,Kellershire,Massachusetts,92624,-164.081534,-46.3729945
Rachel Thomas,32,58875 Wong Ferry,Lake Martin,Texas,47060,-7.685942,-33.168919
Timothy Padilla,69,788 Thomas Squares,New Susanberg,New York,51121,-149.050198,42.659656
Sara Miller,53,796 Brian Mill,Michaelfurt,Minnesota,01732,-70.930653,46.5734185
Jared Bender,71,4477 Hunt Viaduct,New Jasminechester,Maine,16607,94.310763,3.0618355
Megan Odom,75,217 Allen River Apt. 206,Edwardland,Connecticut,26517,-165.850055,-8.8430835
Miranda Sanchez,56,119 Brandon Ridge Suite 615,Lake Justinport,Kansas,27814,22.286705,-11.9629115
Anthony Noble,78,37282 Laura Road Apt. 029,North Nathanton,Nebraska,22882,164.843659,-51.1024245
Emily Young,32,8813 Torres Lock,Leetown,Alaska,04777,-73.867645,-63.390824
David Mcbride,42,448 Acosta Rest,Port John,Oregon,91159,124.464186,18.602567
Debra Rodgers,20,671 Clarke Fork Suite 493,Espinozaview,Arizona,67926,98.138951,-65.386957
Bradley Wagner,30,59653 Moore Stravenue Apt. 628,Port Jeremy,Alabama,87175,70.510138,-59.522839
Thomas Hoffman,38,14330 Joseph Locks Apt. 278,South Lisa,Colorado,86284,132.887798,-25.1016775
Caleb Welch,73,589 James Place,Smithfort,Wisconsin,34721,166.501987,-74.1127315
Debra Henson,55,8296 Perez Cliffs,East Lauraland,Alabama,06095,-51.127946,57.9201695
Bryce Reed,62,7151 Huffman Locks Apt. 001,Delgadohaven,South Dakota,77498,-171.907069,23.1522215
Jasmine Adams,44,5191 Gray Garden,East Melissaborough,Pennsylvania,12754,101.692203,18.0685345
Jesse Gonzalez,52,74997 Lisa Parkways Suite 749,East Andrew,Arkansas,04389,124.672033,70.0682375
Kenneth Pierce,79,6817 Karen Trail Apt. 829,East Kevin,Colorado,09077,86.959648,-81.4721655
Jeffrey Lambert,24,7934 Anna Stravenue Suite 189,Gregoryview,Hawaii,80128,-48.161741,-61.419235
Kyle Lopez,25,7368 Fisher Gateway Apt. 928,Triciaberg,North Carolina,33834,145.931332,-81.7311815
Barbara Morgan,23,51967 Jones Turnpike,South Davidland,Missouri,67226,111.919758,72.966633
Derek Horton,60,96073 Hall Fall,South Michaeltown,Mississippi,38763,-21.966908,-29.6467775
Frank Moon,36,57107 Christopher Loop,Lake Abigail,Utah,95360,172.514714,86.8911155
Christina Shepherd,47,1508 Christine Land,Duncanstad,Massachusetts,01001,59.717394,-41.7600145
Anna Evans,80,3582 Brian Greens,Bookerbury,Massachusetts,55420,-176.130718,-5.982175
Patricia Alvarez,75,54447 Juan Parkways,Pricemouth,New York,77931,-82.716909,67.5279865
Kevin Donaldson,59,8062 Rogers Squares,East Joshua,New York,86087,-33.110958,-42.042191
Joshua Gray,18,446 Nicholas Squares Apt. 429,Masseychester,Hawaii,83390,44.941524,39.318044
Virginia Goodwin,54,9556 Jesse Street Apt. 857,Williamstad,Alaska,69636,46.479762,23.3768765
Daniel Kim,32,28285 Medina Springs Suite 116,Morrischester,Rhode Island,31539,-47.591921,-88.0896845
Robert Lindsey,19,205 Turner Walk,New Jimmystad,Florida,74463,-68.714883,-26.839000
Richard Pena,75,279 Joshua Knoll,Manuelshire,New Mexico,18790,50.395134,-18.919773
Michael Scott,37,483 Lopez Haven,Nicholasport,Nevada,39560,-18.274526,83.727529
William Mcmillan,63,231 David Union,Amandaton,Vermont,93399,45.292212,-65.383830
Sean Whitney,24,71512 Timothy Island,New Jason,Texas,98104,-103.471825,-13.142716
Kristy Bell,77,909 Teresa Flats Apt. 893,Lake Michael,Delaware,67385,-83.657140,68.344950
Michael Moore,49,56722 Ross Mews Apt. 302,Andrewport,California,75488,-73.356913,-56.941119
Robert Moran,75,87160 Brittany Mountains,Bridgetbury,Virginia,84846,-179.727476,-33.339895
Haley Moore,23,2152 Holmes Vista,Romanfurt,New Hampshire,64778,62.525105,-45.052452
Erin Lambert,28,11816 Teresa Springs Suite 076,East Christopher,Massachusetts,50072,-126.996684,-32.2217485
Eric Perez,56,7449 Monica Field Suite 086,North Anthonyfort,New Mexico,42389,-55.530861,37.7761395
Michael Wilson,65,62223 Rogers Wall Suite 960,Katiemouth,Mississippi,00866,-132.623450,48.7454675
Mary Tran,48,0467 Cervantes Groves,Williamside,Arizona,14313,-79.698422,-44.898335
Christopher Bradford,21,87853 Brandi Dam,Ryanborough,Utah,06267,174.594976,-54.044516
Jennifer Massey,63,94252 Paul Gardens,Lake Jodiborough,Nevada,72990,-43.342131,54.4629135
Justin Curtis,77,337 Parrish Estate Suite 584,Castroside,Missouri,70518,104.212172,89.9705795
Rebecca Cox,38,0956 Jason Gateway,Port Jeffreymouth,Maryland,52762,102.207547,-38.433529
Dana Powell,18,1538 Jesse Green,East Williamshire,Maine,20685,-90.602609,-59.9598075
Stephen Graham,41,624 John Wells Suite 734,Shirleymouth,Rhode Island,22788,-165.994108,-74.8002035
Marcus Steele,51,4596 Lane Shoal Suite 322,Lake Toddmouth,Colorado,09358,-130.340418,57.337781
Timothy Ramirez,21,7129 Scott Centers Suite 142,Lake Michelleville,Wyoming,53831,-98.493466,-69.922718
Cody Moore,77,62639 Calvin Port Apt. 900,East Todd,North Dakota,88843,67.635390,66.691966
Danny Smith,18,3365 John Wells Apt. 588,Ryanberg,South Dakota,25484,-92.655647,-10.6376865
Jill Webb,33,3139 Butler Groves,South Pamela,Colorado,80851,134.168803,-29.003702
Kristin Graham,48,62536 Sanchez Road Apt. 224,Kaitlynmouth,Vermont,82136,125.276879,-34.9445965
Dr. Teresa Gonzales,61,935 Michael Common Apt. 715,Patelbury,Alabama,21070,-142.012938,5.320297
John Ingram,45,907 Sarah Streets,North Carolton,Mississippi,37211,-12.776179,-35.3218185
Brandon Byrd,24,5993 Everett Rue,South Vickieside,Kansas,08861,20.282270,32.1908165
Ashley Webb,21,700 Krista Canyon Suite 973,Lake Jeffrey,Pennsylvania,53999,-35.975114,-32.079902
Lisa Fox,39,35945 Wolf Freeway Suite 919,New Jeffrey,New Jersey,50274,174.934520,56.147142
Margaret Allen,19,7428 Christina Passage,West Crystal,Rhode Island,67499,128.718809,-60.7751705
Kristine Burns,60,32480 Taylor Locks Suite 627,Lake Leslie,Indiana,05966,-75.281091,54.934506
Michael Carlson,57,018 Ariel Port Suite 374,Terrellland,North Carolina,97568,-156.704091,22.984850
David Dawson,52,1455 Arnold Gardens,Robertland,Maryland,26346,-140.909627,10.7033025
Stephen Freeman,31,331 Jacobs Forest Suite 230,Port Brittany,Iowa,14077,98.733694,22.488892
Danielle Johnson,77,9354 Johnson Light,South Cynthia,North Carolina,14793,94.397886,46.4992215
George Moore,62,882 Peter Causeway Suite 569,East Anneport,New Mexico,52912,-166.823025,82.6281505
Chelsea Cox,31,430 Stewart Alley,Lake Brittanyshire,Oregon,39671,107.316996,-38.6758885
Mr. John Conner MD,65,785 James Lakes Apt. 321,West Taylor,Kansas,44065,-74.878583,-20.8490115
Charles Randall,69,5964 Barbara Avenue,Jaclynchester,Kentucky,78172,136.602328,-3.2558545
Richard Wheeler,62,6590 Ward Streets,Matthewland,Louisiana,84161,9.217998,-47.4594875
Morgan Allen,55,7526 Cory Parks Suite 289,Joseton,Michigan,28289,-117.588999,13.1250465
Dominique Smith,72,11785 Miller Pines Apt. 922,Hodgechester,Pennsylvania,97082,-7.477276,-51.963533
Karen Mitchell,24,36659 Lambert Club,New Kyle,Arizona,13888,2.876688,32.788723
Brianna Sosa,80,5479 Jennifer Lodge,New Kevinmouth,North Carolina,27137,-136.799106,-76.9944075
Amber Hudson,80,424 Maurice Parkway,Johnview,Kansas,71777,79.529506,2.5539475
Suzanne Wells,67,9603 Zoe Lock Suite 260,Jasonmouth,Missouri,02333,46.546640,-70.262219
Phillip Irwin,50,45885 Alvin Union Suite 652,Kimport,Rhode Island,16947,-171.674803,-61.999024
Shannon Baker,62,72121 Carolyn Drive Suite 860,New Scottstad,Virginia,28501,61.818051,-57.787108
Emily Harvey,63,67002 Browning Glens,Marshallburgh,Minnesota,43780,47.355807,-78.1925535
Paul Kim,62,9931 Jacqueline Creek,Kathleenview,South Dakota,56257,-160.144880,-34.1502075
Karen Perez,65,555 Michael Locks,Jameschester,New York,83262,-17.373396,74.084537
Eric Moyer,23,590 Rachel Glen,East Gregoryshire,Georgia,56946,110.784648,-23.050455
Kathryn Singleton,33,11813 Curry Heights,South Jefffurt,Alabama,48583,159.919112,27.0406415
Daniel Carter,55,4706 Jennifer Tunnel,Fostermouth,Colorado,36205,4.444556,46.789124
Juan Roberts Jr.,49,1416 Roberta Key,New Kathleenbury,Idaho,16597,-42.563184,-23.1097165
Allison Lin,79,97445 Crawford Point Apt. 266,North Jason,Wisconsin,67883,-106.725386,83.113817
Michael Davis,57,70353 Daniel Park,Boothbury,New Hampshire,37431,-16.352079,-47.4111065
Gerald Warren,49,6888 Johnson Estates Apt. 646,North Gabriellafurt,Tennessee,53947,156.477591,45.545347
Rhonda Carpenter,64,0499 Taylor Land,Wyattborough,South Carolina,15851,-80.082556,-20.140415
Aaron Webb,26,7672 Amanda Flats,Jasonfort,Kansas,31369,157.799558,50.6102555
Brittany Chandler,67,47592 Kline Plaza Suite 196,Hunterberg,New York,50469,13.514760,-50.0921215
Stephen Garcia,49,0480 Hailey Locks,Whitakermouth,Oklahoma,06361,150.639832,42.189188
Danielle Todd,73,13973 Vickie Grove Suite 095,Port Tanyaborough,Iowa,30103,-173.333157,-89.527390
Jaclyn Peterson,61,0109 Brian Radial,North Keithville,Georgia,43026,99.318139,50.225043
Joseph Decker,54,5691 Lee Forks Suite 810,Nicolestad,Maine,26729,-112.044293,48.663910
Charles Sanchez,47,5534 Yolanda Square Apt. 856,Kimberlyton,Wisconsin,20359,115.441423,20.5840385
Heather Mcguire,44,1180 Shannon Island Suite 348,Jenniferfurt,Colorado,05096,-136.135024,-55.619407
Kelly Wolfe,24,90369 James Centers Suite 793,New Lawrence,Nevada,31934,157.675281,52.018697
Sara Jones,35,02323 Peter Drive Suite 735,New Lindseyborough,South Carolina,13747,96.513826,-50.6616345
Ashley Smith,53,5732 Wallace Ports Suite 190,Pollardport,Rhode Island,19339,-31.965209,75.0329655
Heidi Saunders,59,558 Jennifer Ramp Apt. 442,Griffinview,Nebraska,33129,-6.169432,5.162112
Michael Archer,78,1124 George Extensions,Diazport,Illinois,01940,158.257286,75.4036875
Brandon Adams,76,29185 Thomas Brook,Lake Joel,Wyoming,41234,-120.751302,2.5573315
Rodney Brown,48,09278 Meadows Isle,Burnsberg,Connecticut,75452,148.939469,-38.2958005
Andrea Bradley,34,04501 Alexandria Turnpike,New Craig,Iowa,84584,15.495348,30.238543
Gary Smith,35,91655 Charles Fords,South Tamara,Georgia,66055,-13.247760,-82.980652
Sierra Lewis,63,21627 Glenn Plains,South Evanview,Minnesota,11251,95.752076,63.6953475
Gina Johnson,34,92746 Karen Canyon Apt. 135,Port Daniel,Michigan,58165,67.839080,-22.283212
Mary Wilson,67,87139 Garcia Roads,East Angelicafurt,North Dakota,85154,126.212732,35.762458
Rebecca Ramos,69,519 Denise Point,South Dawnhaven,West Virginia,80529,166.184486,16.325108
Joe Jackson,76,3874 Kathy Mall,Chelseaberg,Idaho,39336,-120.845373,8.8079435
Juan Wallace,30,651 George Fall Apt. 709,Courtneyfort,Tennessee,69591,116.121167,-79.0177805
Antonio Leonard,36,265 Carrie Field,Michelleside,Texas,55241,-82.992618,5.5630095
Joshua Clark,30,5132 Lambert Overpass,Joshuamouth,Vermont,70380,-174.141907,56.8667185
Richard Higgins,22,41407 Sweeney Port Suite 096,West Timothy,Missouri,92662,-148.451043,-64.0909605
Christine Potter,48,88214 Brooke Green,Port Bryan,New York,76438,85.760002,38.925542
Becky Green,37,71098 Wiggins Knolls Apt. 891,Lake Charles,Arkansas,83986,62.481573,-68.590327
Amanda Jennings,29,698 Kenneth Ways,Port Maria,Minnesota,46889,79.659252,-86.726073
Jeffrey Brown,58,562 Thompson Shoal,New Jesse,Pennsylvania,05545,-140.492357,72.9040835
Richard Davis,52,78984 Villegas Road,Smithville,New York,57189,138.873033,15.3818355
John Villanueva,43,5930 Patricia Cape,Pierceberg,Maryland,62663,-173.334715,41.774398
James Parsons,75,359 Lopez Ferry Suite 325,East Kyle,Massachusetts,14226,-134.016996,-84.8794805
Joseph Shah,33,270 Jeffrey Path Suite 196,Oliviafort,Texas,50829,19.552171,40.721069
Laura Brown,63,017 Brown Hills Apt. 243,North Paula,Virginia,41380,137.665998,-80.313999
Scott Perez,70,2626 Perez Track Apt. 261,South Edwardside,Indiana,59396,-86.301465,76.755485
Derek Norris,58,366 Campbell Lodge,Smithborough,Washington,24316,39.181823,-84.300098
Stephen Morales,60,78535 Jorge Estates,Jenniferbury,North Carolina,20979,161.297082,64.346994
Elizabeth Cox,30,74537 Thompson Islands,Moorefurt,Alaska,48232,68.808626,-88.582637
Benjamin Padilla,32,23785 Valerie Ford,North Crystal,Arizona,65182,-65.394825,-7.157485
David Lloyd,40,0014 Jessica Pines,New Michelle,Louisiana,26103,-163.510533,-2.993093
Stacy Webb,39,22072 Carr Turnpike Apt. 178,Sanderstown,New Mexico,62143,160.177959,-12.966365
Joshua Bennett,49,93311 Lopez Dale Apt. 944,East Samuelchester,West Virginia,98507,-7.950471,9.402900
April Morgan,64,773 Anthony Ranch,Matthewsfurt,Louisiana,09308,76.434380,59.621320
Megan Farmer,36,4127 Joshua Centers Apt. 294,New Gloria,Missouri,35401,33.956439,49.034483
Colton Brown,19,286 Evans Brook Apt. 573,West Craigton,Florida,09818,22.469519,-46.8848785
Anthony Davis,70,5113 York Camp Apt. 404,East Haley,Alaska,53828,100.455195,56.713087
Linda Shelton,36,81686 Daniel Garden Apt. 495,East Melissa,Maine,11400,-147.324506,42.7084025
Kimberly Moran,62,320 Melissa Walk,New Tony,Utah,75405,-93.846601,75.697505
Evan Gaines,64,536 Emily Flat Suite 339,North Christopherton,Colorado,46052,95.344821,-14.6821265
Rebecca Hill,68,792 Kelli Via Suite 713,East Charlesfort,Rhode Island,79466,-166.865377,65.986633
Rachel Bartlett,77,659 Gina Highway Suite 433,Ralphchester,Arizona,54085,-152.792813,0.9265345
Beth Harris,63,345 Gould Walk Suite 435,Brianville,Alabama,59372,46.761230,86.836978
Paul Henderson,65,85601 Taylor Extensions,East Teresamouth,Virginia,46197,162.608751,-34.484435
Jacqueline Ball PhD,24,5711 Nancy Divide Suite 984,Lake Christopherside,Arizona,58636,-173.282773,-61.355920
April Hernandez,49,3507 Jessica Station Apt. 522,Angelfort,New Jersey,47061,133.603616,2.5064295
Brandy Barker,69,959 Sanchez Grove Apt. 595,Johnsonstad,Iowa,13489,-124.372505,-50.9753765
Isabella Duncan,33,349 Santiago Estate Apt. 753,New Tabithaburgh,North Dakota,28006,164.338935,-18.1892015
Brian Walters,41,372 Christine Mission Suite 015,East Nicholas,South Carolina,19903,112.975856,-11.6234605
Rachel Hansen,78,394 Tiffany Course,New Brianland,Pennsylvania,92289,-165.579135,39.8273005
Cynthia Torres,25,812 Fisher Court Apt. 336,Jenniferport,North Carolina,86094,-171.858263,39.3136755
Elizabeth Quinn,64,15599 Armstrong Ways Apt. 121,Brownside,Oregon,17253,-179.554888,60.4998905
William Carter,23,39700 Pamela Ville Suite 263,New Marymouth,Nebraska,75526,-82.671862,-56.7329025
Monica Torres,71,769 Paul Plain,Deniseland,Georgia,95821,130.237919,-89.494515
Tracy Spencer,55,1811 Michael Circle Apt. 458,Deborahburgh,Michigan,09826,100.360004,-4.3635635
Robert Rodriguez,64,169 Steele Ford,East Jamesborough,Arizona,13905,47.848474,-83.4257565
Pam Bailey,35,923 Michael Fields Suite 179,West Annetteside,New Jersey,22108,87.610637,88.566509
Anthony Taylor,49,7356 Chen Garden,Port Robert,Indiana,78560,130.891271,-4.6682225
Benjamin Hoffman,26,07208 Watson Ridges,North Danielle,Arizona,56867,-9.281192,-36.295341
Amanda Bailey,39,55569 Vaughn Vista Suite 551,West Timothy,Maryland,83301,132.178658,89.5479415
Brandon Smith,68,39146 Weaver Circle Apt. 805,Lake Alicia,Hawaii,09007,-87.837063,82.9067785
Abigail Simpson,63,201 Jennifer Isle,Melissaton,Maryland,79069,-36.796428,-33.416025
Mr. Christopher Simmons II,79,080 Zavala Landing Apt. 613,Moonbury,Iowa,92940,106.945309,45.107810
Michele Rivas,21,91656 Thomas Trail Suite 683,Port Thomas,California,53398,18.145566,2.684577
Amanda Reese,37,48826 Woods Walk Apt. 846,North Kristina,Tennessee,91912,-122.387210,87.0694855
Christine Lewis,47,1754 Valerie Estates,Jamestown,Indiana,67068,-59.502466,15.945768
Steven Smith,20,37497 Baker Lake Apt. 424,West Douglas,Nevada,79749,-125.154277,-27.9555605
Jacob Smith,28,46957 Nathan Summit Apt. 349,Port Jessicatown,Connecticut,37391,-111.968241,-41.0325835
Anthony Avila,76,055 Rodriguez Skyway Suite 155,South Wanda,Vermont,11733,141.551103,47.502548
Katherine Miller,56,8965 Christopher Flat Apt. 484,Lopezfort,Mississippi,23553,-15.670509,74.392728
Ashley Gay,78,819 Mathews Brook Suite 271,New Brandon,Rhode Island,07811,29.285235,81.0572325
Janice Mejia,53,65848 Jackson Pass Apt. 801,Lake Dana,Iowa,83660,52.332166,-63.3245275
Mary Maddox,52,823 Robinson Spur Suite 090,Derrickfort,Alabama,56058,-121.005057,83.801344
Jennifer Cannon,79,59840 Mitchell Row,Cookshire,Arizona,64807,22.977854,13.6586615
Paul Maddox,48,40948 Sanchez Stravenue,East Robertmouth,Texas,31251,57.376922,86.174134
Allison Cohen,78,378 Williams Drive,Christinaland,New Mexico,06588,-119.704969,55.4648205
Sarah Hogan,35,3533 Lisa Rest,East Randy,Connecticut,26891,-113.863371,36.8951185
Emily Marshall,27,23371 Shaw Key,New Michael,Vermont,94024,161.771447,-14.2858045
Aaron Colon,66,522 Michael Crescent,North Mary,Oklahoma,65083,-54.486943,55.9072305
Daniel Camacho,22,5758 Kennedy Garden,Torrestown,Virginia,27593,101.257164,-84.364981
Kyle Cole,44,2840 Christian Ranch Apt. 343,Steeleburgh,California,24780,-47.553051,28.9854215
Carol Poole,38,1120 Martin Ramp Suite 917,Port Joseph,Hawaii,48718,-23.143642,-41.953577
Christine Mejia,61,178 Kelley Station,East Sharonberg,Mississippi,84859,-11.744411,-51.9678275
Stephen Cook,52,2573 Joseph Parkways Apt. 930,Wendytown,Indiana,19278,110.073540,44.409508
Crystal Martin,56,23446 Bradley Fords,Nicholasfort,Virginia,14903,80.343258,-63.882368
Brandon Baldwin,65,648 Scott Drive,New Gregory,Nebraska,56410,-23.102028,78.630969
Travis Sanchez,75,94491 Martin Dam Apt. 972,West Michaelfort,Ohio,44601,46.040707,61.021460
Olivia Burke,66,2505 Janet Glen Suite 771,Garciachester,Hawaii,37590,-118.840243,-30.758223
Janet Carlson,22,837 Wright Cliff Apt. 977,Wangborough,Michigan,34137,-126.299245,42.2074975
Benjamin Brock,65,2668 Smith Burg Suite 849,Reginaldtown,Illinois,92330,26.074470,4.0040955
Trevor Stanton,70,045 Marc Ridges Suite 843,Kevinview,Kansas,13924,133.188112,62.130912
Christian Simpson,61,55427 James Lock,Port Hannahborough,Oklahoma,26114,-139.222230,-0.1847435
Luis Morales,65,01511 Lewis Locks Suite 175,Lake Rachel,Massachusetts,37956,-139.292922,-59.263640
Michael Rodriguez,42,38918 Lisa Creek,Carrilloland,Nebraska,61617,65.420076,38.712884
Donald Howell,42,98153 Michelle Throughway,North Angela,New Hampshire,57849,88.198493,48.0049645
Emily Anderson,30,43746 Aaron Corner Apt. 941,Hallberg,West Virginia,15440,89.129841,78.100898
Leslie Thompson,57,17643 Vanessa View,Campbellfort,Alaska,73850,146.537864,-22.785283
David Rich,64,5650 Duffy Throughway Apt. 042,East Philip,Wisconsin,51753,-86.639151,80.423046
Michelle Hammond,63,861 Diane Courts,Bergerburgh,Arizona,58911,-30.473819,-66.7140425
Sarah Bryant,28,7718 James Lodge Apt. 328,West Dawn,Connecticut,06628,-9.486934,84.0647065
Daniel Larson,61,0442 Tracy Burg Apt. 972,New Monica,North Dakota,25350,23.847984,76.4022065
Katherine Williams,49,671 Mallory Branch,Port Williamfurt,Oregon,11954,-110.903740,-20.229066
Ernest Mora,67,1493 Hudson Streets Apt. 925,Lake Diana,Ohio,63578,77.365048,9.337348
Michael Monroe,21,3556 Watts Port Apt. 234,New Tyrone,Mississippi,13086,161.073127,-61.6592575
Duane Hanson,26,71292 Tanya Summit Suite 218,Darrellburgh,North Dakota,82451,-140.947461,-12.4332815
Sandra Green,32,7864 Campbell Tunnel,Williamsfort,Iowa,47080,-88.009964,-0.5966925
Paula Hernandez,42,71416 John Park,Cherylburgh,Washington,51107,36.121769,15.127690
Matthew Lindsey,29,452 Lewis Prairie,Juliahaven,North Dakota,42016,94.703871,78.792163
Nicole Strong,44,1047 Anthony Estates,Lake Benjamin,Michigan,82947,-49.735314,72.6693135
Morgan Johnson,74,3125 Kenneth Highway Apt. 378,Lisaberg,Idaho,43379,-179.446921,-39.024877
Jorge Massey,63,39855 Smith Curve Apt. 527,South Gary,New Hampshire,12148,12.201782,-28.3261775
Judy Shaw,45,04777 Green Vista Suite 790,Lake Brandimouth,Idaho,62104,-127.714681,-67.8990795
Kellie Robbins,55,554 Perkins Court Apt. 749,Kimchester,Maine,44735,169.099455,69.8748095
Rose Moreno,37,69305 Thomas Lake,Lake Jacob,New York,82495,161.097632,28.6203895
Victoria Moran,48,161 Cesar Squares Suite 427,Millershire,Iowa,02503,128.295301,-14.987635
Samantha Friedman,22,3161 Krueger Well,Kyleside,Idaho,06733,63.512334,44.237541
Robert Brock,48,929 Thomas Mountain,Wardton,California,53414,176.967407,-36.7413425
Kristen Lloyd,72,05831 Gonzales Island Suite 519,Karenbury,Texas,31690,-147.360560,83.5078635
Jason Andrade,74,70868 Jacobs Vista Apt. 768,West Matthewview,Pennsylvania,64249,1.160580,-17.890556
Ruth Day,29,808 Vickie Circles,West Brittany,Virginia,97330,-138.694648,1.640647
Daniel Martinez,38,613 Amy Wall Apt. 496,Mariamouth,Florida,10613,-116.582458,24.392143
Rebecca Cox,48,709 Sandoval Creek,West Justinside,New Hampshire,16952,11.981867,-64.0844205
Carrie Vang,42,0935 Lori Squares Suite 315,Johnsonville,Arizona,05210,-64.389740,-88.706290
Travis Sanchez,74,157 Evans Cliff Suite 713,East Matthew,Kansas,22835,-62.351273,-77.368319
Anne Rogers,78,589 Leah Roads,New Katherine,Oregon,27996,25.214600,-53.129889
Taylor Young,27,1391 Torres Prairie,West Nicholasfort,Kansas,07575,-32.785153,-50.434848
Tyler Miller,66,2520 Stephen Overpass Apt. 299,Burnettside,West Virginia,76027,-177.999328,32.1098335
Christopher Zamora,49,7954 Erin Throughway,Harrisland,Arizona,08367,-144.152708,31.687078
Dawn White,36,47974 Small Avenue,West Matthew,New York,35262,-5.660683,57.8720095
Jennifer Mcclure,29,74596 Palmer Causeway,Mollytown,Utah,82864,-32.631277,-79.052987
Brenda Brown,62,352 Anderson Brook Apt. 256,West Steven,Louisiana,62520,31.183153,64.678000
Maria Kaufman,23,1369 Golden Falls,Paulaville,Arkansas,95868,-4.761531,54.624615
Katelyn Mccarthy,76,6094 Dalton Course Suite 787,Dennismouth,Ohio,35119,-145.737558,39.515554
Katelyn Flynn,77,2498 Collins Row Apt. 098,South Christopherfurt,Hawaii,18876,160.034991,-1.259825
Sharon Townsend,46,1542 Phillips Villages Apt. 808,Port Hannahbury,New Hampshire,30269,-145.111123,-8.1650765
Courtney Brown,70,943 Edwards Pass,Lake Kevin,Texas,27884,-49.358839,8.2286845
Jack Lang,62,1530 Lopez Ranch Apt. 507,South Tarafurt,Massachusetts,36664,-151.283123,-51.6879245
Brittany Wallace DDS,50,5874 Amber Station Apt. 681,Jonathanfort,Kansas,29063,-153.207738,-3.4035915
Kelly Thompson,76,6884 Wallace Coves,Gonzaleschester,Alaska,69233,-91.491206,72.254845
Misty Griffin,23,033 Jonathan Fall,Farmerport,Missouri,07167,158.583559,79.236960
Monica Steele,80,189 Amy Port Suite 348,North Cynthia,Hawaii,62615,85.360599,-20.1763645
Benjamin Wolfe,79,125 Wallace Stream Suite 444,Michelleborough,Wyoming,05674,-28.288105,-33.112694
David Wilson,26,500 Nancy Junction Suite 179,West Hollyburgh,Ohio,07003,-102.947395,-50.6315555
Sarah Tucker,73,1862 Kenneth Walks Suite 776,Martinport,Mississippi,61350,25.119443,-70.401790
Rebecca Ryan,78,9003 Ruben Crossing,Carlyhaven,Texas,11006,-2.261974,48.325517
Lynn Wright,51,2565 Jonathan Point,Jordanview,Georgia,20174,12.754542,-28.965924
Jacqueline Morton,37,63486 Elizabeth Freeway Suite 657,North Laura,Virginia,39288,-113.646530,-27.260334
Danielle Smith,21,2977 Angela Station,New Paulside,Delaware,49751,-138.451854,12.5041915
Kristin Coleman,73,12781 Woods Springs,Wilsonland,Delaware,48447,-14.704466,66.257540
Ashley Mayer,43,688 Teresa Courts,South Lisa,Minnesota,33615,141.312511,11.387352
Jacob Vazquez,29,715 Harris Common,West Chloe,Vermont,24917,-47.725347,42.7073085
John Johnson,60,01744 Mary Passage Suite 518,Troyville,North Carolina,84336,-85.017167,-87.4746865
Hector Turner,19,29882 Huang Prairie Apt. 271,North Melissa,Connecticut,08329,38.563439,58.1445065
Alexander Dickerson,79,5233 Jackson Branch Suite 131,North Johnfort,Oregon,19581,84.523522,-67.5562085
Kimberly Atkinson,47,649 Rhonda View,Jameston,Alabama,26564,-32.538670,-42.379525
Michael Bennett,67,8197 Ortiz Crossing,Williamstad,Connecticut,43362,-62.069654,-84.224346
Tyler Roberts,29,189 Cynthia Plains Suite 723,Brownberg,Nebraska,39770,-99.055699,66.574482
Matthew Yates,36,415 King Fort Suite 800,Hernandezchester,South Carolina,22926,-60.349644,-41.5952705
Andres Moore,22,11176 Romero Ridges Suite 444,Port Andrea,Iowa,79609,119.597052,-74.1165855
Kyle Martin,52,9786 John Tunnel,Zacharytown,Texas,63387,23.068756,37.4876295
Troy Stevens,61,21236 Amy Passage Suite 321,North Katherineshire,Illinois,68787,13.575226,-69.2101015
Joshua Dickerson,45,06075 Jon Villages Suite 127,Thomasside,Washington,32547,-123.676222,-59.7905395
Rodney Lawrence,76,522 Erin Coves Apt. 188,East Katherine,Florida,57915,165.396109,61.2957135
Terry Young,30,2926 Michael Drive Apt. 467,North Greggfort,Rhode Island,30812,-119.532311,24.201347
David Curry,35,651 Marco Ways Apt. 278,Blackburnfurt,Pennsylvania,20663,105.257274,-18.791995
Carolyn Cummings,73,8687 Rojas Locks,Lake Beckyfort,Iowa,33966,-160.092386,-64.6120495
Lauren Lewis,64,9202 Brittany Drive,West Christineville,California,95469,-159.401582,11.135577
Brandon Bond,52,09424 Edwards Causeway,West William,Nevada,45910,64.388178,-63.3516865
Timothy Williams,56,341 Butler Shore,Kathytown,Utah,55853,-127.617478,21.260878
Timothy Kline,45,276 Kenneth Turnpike,South Shawn,North Carolina,74655,166.728120,-29.905499
Joshua Castillo,47,477 Nicole River Suite 414,Lake Ryantown,Alabama,13066,-42.130919,-66.7165495
Kimberly May,20,99720 Bright Oval,Port Kimberly,Louisiana,51512,-132.438175,63.376948
Todd Leonard,77,25036 Bonnie Park,Hurleymouth,Florida,58213,150.374577,-31.9702785
Bruce Rodriguez,54,0399 Sullivan Lakes Apt. 823,Vanessahaven,Montana,76767,87.078118,78.9189255
Jay Bender,67,71866 Michelle Island,Josephburgh,Vermont,71519,-47.600052,5.781410
Vanessa Davidson,38,93034 Christian Ford Suite 619,Reginaldmouth,South Carolina,75506,65.388479,-39.9000305
Joseph Anderson,35,579 Jeffery Walks Apt. 786,North Wendyburgh,South Dakota,47518,-109.333902,84.3331725
Debra Norris,69,8309 Brandon Shores,South John,New Hampshire,49984,-128.309613,41.123398
Dorothy Perry,62,76381 Austin Estate,West Kelly,Oregon,19639,-48.012547,-71.347137
Alyssa Kim,30,271 Richard Manors,Susanburgh,Montana,68167,-177.360562,9.0160705
Megan Barajas,20,15922 Debra Corners,Jenniferberg,Kentucky,15773,129.009961,51.6218485
Michael Guerrero MD,52,373 Holmes Highway,Alejandraberg,Florida,89238,102.624331,-4.9887425
Jesus Mann,65,766 Robert Rapids,South Theresa,Ohio,82455,-178.864350,-28.6754885
Robert Huerta,71,62593 Miller Ports Apt. 545,Alexisside,Iowa,54704,123.834609,59.1791975
Latoya Richardson,71,52640 Dawson Track,North Andreaside,South Dakota,01516,-44.696278,62.2012055
Jonathan Jackson,67,699 Miller Pass,New Vanessa,Connecticut,78349,-9.821053,-49.5259315
David Wright,37,9268 Smith Dam Suite 525,Kevinland,Tennessee,77518,-145.652957,59.065582
Melanie Davis,27,582 Guzman Dam Suite 468,Michaelberg,Oregon,60626,76.443629,-65.7594915
Steven Contreras,28,343 Hall Groves Suite 014,Brownview,Alaska,15894,15.748228,21.686357
Stefanie Hogan,22,4025 Craig Trafficway,West William,Wyoming,34862,-74.173841,-64.8415175
Brian Perry,49,12703 Walter Haven,East Stevenhaven,Wyoming,36570,148.148994,65.948536
Bradley Rodriguez,48,857 Robert Mountains,Wilcoxtown,Colorado,42262,-105.956862,-36.7763405
Todd Nguyen,62,4418 Goodwin Pine Apt. 882,Moranland,Hawaii,76013,-5.439761,58.699791
James Cooper,37,723 Amanda Hills,North Andreaport,Alabama,99747,84.632861,21.454258
Justin Long,74,5932 Robert Spur Suite 405,Alexandraton,Georgia,17325,-159.297707,16.721360
Eric Rogers,74,446 Lisa Circles Suite 348,South Sarahmouth,Iowa,33186,84.892580,47.698944
Paul Turner,47,3602 Carter Mountains,Port Erinchester,South Dakota,87248,124.011063,-64.3612235
Tracy Lambert,46,2745 Anthony Ways,East Hannahburgh,Kansas,59326,-126.694151,-85.130646
Ruth Ross,51,381 Bartlett Way,Hodgesstad,South Carolina,66732,106.384779,58.215396
Amy Mcneil,75,93397 Daniel Grove Suite 219,Joneston,Georgia,68473,-53.323874,50.113726
Rhonda Webster,73,7562 Vazquez Drive Suite 703,Fostershire,New York,56558,57.325817,-32.2814555
Caitlin Harris,50,067 Gardner Greens,North Melaniehaven,Nevada,62362,26.803548,78.8797985
Janet Kane,42,04321 Michelle Squares,North Kevin,Minnesota,76980,-132.623527,70.290190
Catherine Miller,26,343 Chen Place Suite 006,Limouth,Delaware,72391,-172.279527,-24.5250045
John Munoz,44,70112 Christopher Point,Isabelfurt,Georgia,71408,147.554291,-7.7713415
Brianna Chapman,28,081 Nicholas Orchard,Browntown,Indiana,15550,169.196926,-50.7398615
Tony Terry,40,7699 Chase Radial Apt. 034,Batesfort,Alabama,82680,-131.295781,47.3781535
Matthew Mcdaniel,42,4083 Atkins Expressway Suite 322,South Davidfort,Vermont,43445,122.444955,-63.919731
Raven Nicholson,45,8298 Scott Roads Suite 165,Lake Breanna,Connecticut,74808,74.336177,76.260336
William Perkins,79,46981 Atkins Parkway Suite 428,West Jessicaville,Wyoming,14196,-77.195572,6.934205
Lisa Avery,34,15273 Miller Fort Apt. 668,Matthewstad,Maine,67506,-17.888888,-25.9913225
Kimberly Perkins,55,960 Watson Roads,West Amber,Tennessee,36706,-13.789704,-38.351929
Roger Brewer,34,2647 David Causeway Suite 742,Kevinton,Illinois,66970,76.650095,36.012792
Mr. Harry Martinez,32,909 Burke Branch,Teresahaven,Georgia,79715,71.572050,55.415986
Seth Hernandez,60,832 Sutton Mountains,Howellport,Arkansas,48726,-168.211386,21.6662015
David Salazar,53,04404 Brady Ridge,Courtneyport,Michigan,04093,135.375846,-23.286646
Katherine Foster,28,62143 Moreno Parkway Suite 177,Marksmouth,Florida,50072,118.468687,17.1695845
Patrick Russell,36,83194 Keller Center Suite 979,East Johnstad,Alabama,59492,-1.751284,48.8016405
Meghan Gray,34,71911 Robert Corner Apt. 428,Port Oliviachester,Nevada,22555,121.233056,2.163842
Molly Reid,64,133 Kelsey Center,Terrellstad,Pennsylvania,87197,-101.685457,-65.321776
Krista Lewis DVM,37,25349 Montoya Cliffs,West Robert,Montana,22866,97.232995,10.238018
James Young Jr.,49,798 Rodriguez Crossroad Suite 972,North Garretttown,Virginia,10838,-60.000658,38.0861625
Joseph Mendez,73,45094 Martin Bypass Suite 594,East Ashley,Arizona,56934,-158.751671,0.007658
Jasmine Banks,52,15079 Megan Place Apt. 994,South Kellyville,Missouri,76249,159.803848,-12.4893605
Carl Cole,77,5861 Amanda Summit Suite 040,Lake Michaelberg,Illinois,18365,-5.177855,32.4754755
Debbie Bell,75,711 Mario Cape Suite 055,Bridgetchester,Washington,66483,138.952770,-28.015584
Ryan Murray,54,84654 Wong Drive,Deannaborough,North Dakota,38889,-130.365585,-36.934800
Thomas Baker,74,260 Linda Springs Suite 871,South Geoffreyborough,Kentucky,81518,-109.190957,-43.1920605
Briana Parker,53,37887 Angela Land Suite 162,Garnerton,Hawaii,26728,-172.506973,81.3976835
Mr. Mark Washington PhD,38,9757 Miller Flat Suite 331,Lake Marc,Iowa,39104,-34.964490,74.662622
John Thomas,67,75947 Castillo Walk,Port Lauramouth,Oregon,33202,-55.905582,59.711081
Samuel Guerra,21,97502 Kevin Turnpike,Port Helenbury,Virginia,90540,101.169823,-25.899821
Chloe Whitaker,32,5640 Billy Village Apt. 347,South Jeffreystad,Michigan,30170,76.239612,89.408253
Michelle Bennett,27,31007 Dawn Loaf Apt. 044,Klineton,Montana,47451,-13.893846,-9.951179
James Morris,60,71661 Camacho Plains,Port Dianachester,Ohio,00948,89.784871,-64.7442915
Thomas Burns,67,66039 Hamilton Curve Apt. 356,New Amyshire,Maryland,46640,-123.062723,53.3441785
Wesley Evans,68,39587 Brianna Harbor,Nelsonshire,Colorado,34444,-42.845649,59.551072
Gregory Henry,21,7238 Williams Springs Apt. 007,East Johnside,New York,94759,-177.195686,-23.507351
Chad Morris Jr.,40,1960 Brandon Ranch Apt. 344,Michaelshire,Arkansas,28834,-23.168601,-29.2589365
Brian Reed,35,447 Riggs Ramp Suite 672,Lake Tina,Louisiana,78906,99.179833,55.903813
Shawn Mitchell,51,319 Hester Rapid,East Gloriafort,Minnesota,05332,-27.175146,64.1798305
Sherry Doyle,46,783 Marcus Pines,Lisafort,Minnesota,42303,26.017620,8.5491985
Cheryl Strickland,70,5192 Dennis Park Apt. 664,Jacobview,Florida,09349,-21.727519,31.545715
Jason Gray,57,631 Ortiz Lodge,New Joseph,North Dakota,36150,-13.354376,-73.374450
Hannah Myers,74,5025 Dwayne Avenue Suite 888,East Brendamouth,Alabama,41399,78.366875,-18.1115485
Jason Maxwell,40,3806 Jerry Prairie,Port Bailey,Georgia,81338,-179.303280,-49.496634
Carol Martin,25,888 Nelson Square Suite 134,South Amy,Montana,37004,-73.490552,-80.767545
Jason Fritz,18,8137 Norton Islands Apt. 294,Port Caroline,South Carolina,09741,-29.979380,-89.8000685
Bobby Sanchez,65,93697 Watson Springs,East Paulport,Illinois,73034,55.035560,-21.650256
Jason Randolph,23,803 Martin Forest,North Williamside,Pennsylvania,59219,-177.023020,-46.335264
Sharon Lee,74,0723 Keith Trace Suite 503,Salazarborough,Rhode Island,71613,138.533124,21.7988545
David Weiss,61,914 Smith Plaza,Amandafort,Massachusetts,07151,-66.041909,36.251827
David Collins,68,83173 Stephen Extension Apt. 946,Heathview,Texas,86538,-45.708244,72.4286055
Sheena Moore,21,092 Margaret Village Apt. 857,Lake Johnton,Mississippi,05883,-12.251065,16.9410195
Johnny Stone,18,25608 Holloway Unions Suite 387,West John,Illinois,20774,159.743149,75.610344
Julia Taylor,65,7165 Sandra Spurs,Castanedaborough,Indiana,75203,-143.479128,46.505909
Amy Pierce,18,782 Martinez Mall Apt. 076,West Jennifer,Massachusetts,01849,133.488925,-60.8819185
Phillip Ray,22,031 Reed Centers Suite 814,Michaelhaven,Florida,08870,-63.454055,5.211160
Gregory Smith,52,1638 Jennifer Flats,Wilkersonbury,Pennsylvania,04045,19.491293,43.5766875
Rodney Hoffman,26,12526 Butler Mission,Tylerside,Maryland,50086,153.175284,74.275062
Kimberly Wilson,71,0695 Anderson Trail,Lake Sandra,Florida,41564,-22.090831,-25.3191555
Jessica Mercado,56,98724 Sandra Drive Suite 013,West Andrewbury,New Mexico,19359,73.309826,55.652987
Jessica Wilson,21,32977 James Field Apt. 419,Geraldberg,Indiana,53130,-121.783661,38.3772255
Chelsea Hernandez,31,706 Murray Union,South John,Alabama,42667,-83.867188,18.8710595
Cindy Benson,25,277 Gregory Village,Lake Cynthiamouth,Rhode Island,68612,-18.461916,-22.741887
Valerie Mcdaniel,25,17597 Stevens Underpass,South Larrystad,Ohio,83477,41.995691,-27.901037
Lauren Cowan,38,8184 Pacheco Walks,Lake Melaniefort,Louisiana,94504,-164.205834,68.7602415
Mary Evans,71,4095 Scott Spurs,West Leahton,Michigan,70811,-107.772865,-63.9103255
Anthony Richard,79,0078 Hamilton Key Apt. 397,Andersonfort,Florida,95457,11.420443,-23.113777
Rodney Hart,18,496 Miller Course,East Jeanette,South Carolina,45047,106.033526,50.3212855
Jim Santiago,39,27064 Jessica Bypass,South Dianaton,Idaho,89201,-66.908396,-84.7228415
Ryan Norton,18,5809 Shawn Locks Apt. 294,Sophiaburgh,Pennsylvania,17964,101.995047,-3.577677
Mitchell Mills,67,39529 Powers Islands Suite 335,Smithstad,Nebraska,46611,51.254885,-74.744941
Derrick Hicks,21,229 William Prairie,New Saramouth,Mississippi,83645,-34.996835,-76.285961
Angela Fernandez,53,84138 Sean Points,Candicefurt,California,54021,-172.528929,57.8697565
Ryan Gutierrez,33,886 Lee Trail Apt. 198,South Gracebury,Arizona,38932,41.976321,57.4646685
Jesse Holder,67,386 Castillo Rue Suite 737,Lake Sylviashire,Alabama,19080,169.942116,-15.742615
Douglas French,40,8214 Jeffrey Squares Apt. 785,Lake Moniquechester,Illinois,33176,-132.240164,86.799046
Derek Rogers,62,40563 Darius Plain Suite 956,Lake Patrickburgh,Alabama,65642,-122.747250,-28.937693
Sandra Espinoza,18,77171 Lopez Stream Suite 874,Jessicamouth,Florida,34987,8.258240,74.143779
Christian Mccormick,77,95700 Simpson Circles Apt. 162,Shelleystad,Indiana,91810,-75.155810,-10.9890545
Gregory Baker,34,236 Montgomery Crescent,Harveyfurt,Rhode Island,08590,140.952363,-36.615236
April Rivera,64,04695 Brown View Apt. 340,Lake Randy,Massachusetts,21084,97.268010,-69.5629435
Timothy Taylor,41,24750 Daniel Spurs,Guyton,Tennessee,91214,2.147634,-16.933971
Alexander Browning,65,6692 Katherine Rest,East Albert,Indiana,78453,163.704040,17.9193345
Edward Brown,46,106 Patterson Avenue,Port Carlos,Texas,63739,-35.918135,-26.676994
Regina Smith,23,66670 Medina Coves Apt. 561,North Jacqueline,Delaware,51581,51.502218,-70.499889
Kathleen Burns,34,6648 Diaz Orchard Suite 247,North Jessica,New Mexico,20214,50.062128,-15.293643
Susan Rosales,55,97030 Noah Locks,New Susanshire,Arizona,71960,17.780902,-12.376201
Larry Gonzalez,55,25196 Heather Canyon Suite 178,Warrenshire,Delaware,79468,104.428581,72.4836875
Stephanie Ryan,70,023 Green Islands Apt. 979,East Kimberlyfurt,New Mexico,46694,5.707552,-16.417027
April Allen,39,262 Nathaniel Fort,Pittsmouth,Louisiana,98829,110.714459,-63.888830
Kenneth Farmer,46,559 Sanchez Crescent Suite 175,Lake Kevinborough,Virginia,46049,-103.244931,18.6287775
Carla Bridges,47,21943 Love Trail Apt. 437,New Johnshire,Ohio,12998,-46.150165,-83.397039
Evelyn Rivera,43,3141 Cabrera Hollow Apt. 982,Michaelland,New Mexico,68203,29.574649,-65.083670
Richard Rogers,74,8022 Lutz Lake Suite 778,Lake Jesus,Massachusetts,51555,-179.947050,-76.393802
Brian Gardner,47,034 Barbara Mews Apt. 735,South Jacquelineburgh,Oklahoma,36288,77.769587,31.9740175
Michael Horton,18,28702 Christopher Parks Suite 200,North Melissahaven,Missouri,23925,144.064151,3.8717615
Amy Bailey,25,87539 Allison Fort,Lake Jessica,Massachusetts,61721,-100.775981,-41.2735585
James Cooley,60,8558 Jared Stream,Lake Loganmouth,Wyoming,10851,-179.901764,61.0195345
Tyler Garcia,53,4190 Michael Rapids Apt. 424,East Jeremyberg,Rhode Island,75383,101.329393,44.686755
Kelly Knapp,34,950 Graham Forest Apt. 210,East Lisa,North Dakota,44724,-20.145669,59.0730005
Jeffrey Salazar,70,78580 Jones Forest,Lake Kimberlybury,Tennessee,21426,46.237766,-26.746657
Kelsey Glover,40,894 Leonard Hills,Wallacemouth,Oklahoma,59733,24.079126,40.689810
Lisa Woods,49,7435 Miller Bridge Suite 513,South Mary,Arkansas,26467,-168.272261,-83.1084735
Brian Stone,72,081 Summers Coves Suite 050,Bookerchester,New Jersey,51233,-70.701525,-24.8056995
Jennifer Edwards,36,3674 Garcia Drive,Herringhaven,Washington,91446,101.336228,28.2777475
Jorge Lloyd,79,75446 Nelson Locks,Lindachester,Wisconsin,67953,155.036305,44.1468785
Thomas Miller,34,62623 Russell Lakes,Josephland,Kentucky,22998,-133.048645,-72.464959
Erin Reid,47,431 Scott Ford,North Nicoleburgh,Michigan,58605,-178.937533,35.172067
Michael Caldwell,44,84304 Larson Burgs,Howardbury,North Carolina,72739,175.054543,63.8845045
Edward Garcia,36,0329 Arnold Views,Tamarachester,South Carolina,19543,78.313200,35.540489
James Brown,39,309 Alexander Creek Apt. 016,Bartonside,Montana,42705,113.139399,-81.186824
Stephen Nguyen,65,58128 John Alley,Medinaland,South Carolina,63825,122.064071,-23.138563
Cassandra Koch,59,9078 Hudson Bridge Suite 256,Stephaniebury,New Mexico,33844,-169.224579,43.4452785
Daniel Melendez,19,0185 Smith Plain Suite 363,Sylviabury,Hawaii,92069,139.918928,59.923890
Matthew Vasquez,34,8521 Scott Ridges Apt. 132,Taylormouth,Connecticut,91267,156.644422,64.4577845
George Davis,73,754 Bell Creek Apt. 633,Nicholston,West Virginia,20659,153.777466,59.9105345
Carol Hawkins,74,4472 Mark Glen,Washingtonside,Idaho,59834,101.298454,-39.9516905
Kristen Collins,44,141 Andrew Burgs,Chapmanfurt,Louisiana,23359,35.610159,35.311504
Stephen Castillo,27,238 Rachel Common Suite 460,South Taylor,Ohio,94729,25.403932,-69.759549
Austin Garcia,72,244 Holt Mountain Suite 949,North Theresa,Colorado,15444,177.636587,3.7340375
Heather Davis,22,5883 Gardner Island Apt. 116,Port Spencer,Arkansas,29212,167.570566,10.3935775
Matthew Olson,80,6563 Jessica Gateway,Port Matthew,Alaska,71558,93.058568,6.0391665
Rachael Clark,45,922 Kyle Villages Suite 605,Stevensbury,California,42194,77.028271,27.393958
Alexa Tate,35,8010 Eric Meadow,Amystad,Hawaii,07507,89.519762,-14.0186485
Alexis Gordon,65,81218 Rodriguez Landing Apt. 823,East Julie,Georgia,29265,-9.061923,5.619258
Kimberly Smith,54,84356 Allen Mountain,Lake Jason,New Hampshire,30711,106.644921,24.451255
Seth Hull MD,19,6916 Sara Pine,Port Morgan,Washington,96220,-97.389070,7.9249955
Michelle Turner,31,72238 Katrina Vista Suite 075,Shelleybury,Georgia,46162,-149.005831,-87.528045
John Dunn,41,13698 Jane Mall Apt. 565,New Lisa,Vermont,78105,-27.381866,63.159295
Deanna Smith,31,25453 Jonathan Meadow Suite 305,West Dustinborough,Tennessee,36141,-24.503639,-63.2937495
Mr. Paul Sanchez,43,477 Cherry Turnpike,West Lesliehaven,Louisiana,84048,86.865854,-31.3539275
Eric Hoffman,55,7942 Patterson Gardens,Kingshire,Ohio,18896,76.363933,-66.601638
Keith Davidson,72,8858 Adam Fords Suite 536,Manuelchester,Ohio,46817,-25.883826,21.239213
Jared Hicks,76,6506 Elizabeth Glens Suite 040,South Heathermouth,South Carolina,68725,-39.018127,61.9037735
Anthony Carrillo,35,6617 Ellen Courts Apt. 427,New Daleville,West Virginia,97836,-153.218430,68.1527335
Sandra Escobar,70,86856 Jeffrey Light Suite 751,East Samuel,Montana,07598,150.519891,52.5764015
Melissa Smith,33,7225 Stewart Hollow Suite 407,Brookefort,Connecticut,09960,-23.324651,-16.6613545
Tyler Johnson,51,2320 Michael Street Suite 581,Elizabethmouth,Iowa,22904,92.263300,65.443021
Allison Ewing,72,91049 Ashley Square,East Laurenstad,New Jersey,18597,-11.743758,-8.120067
Andrea Becker,56,439 Rowe Manor Apt. 324,Port Courtneyshire,Oregon,25684,-111.119673,30.4702285
Samantha Cross,31,499 Mendez Locks,Jenniferborough,Alaska,62208,140.743781,13.623248
Brittany Moore,62,094 Smith Parks Apt. 390,East Corey,Rhode Island,91662,-9.971489,84.9248475
Kevin Hamilton,44,810 Rich Crossing Apt. 476,Port Dawnborough,Nevada,15249,-176.485762,-76.040239
Monica Stone,25,5627 Jones Crossing,Lake Jay,Pennsylvania,59842,7.203532,-26.7641165
Mrs. Jessica Clayton DDS,44,9622 Turner Isle,Hardingstad,Arkansas,12290,151.781793,12.551670
Kevin Taylor,80,9966 Caitlin Course Apt. 470,New Lindatown,Louisiana,49938,67.516007,66.015343
John Jenkins,68,71903 Harris Flats Suite 068,South David,South Carolina,57911,-55.807091,48.254621
Shane Vasquez,20,4016 Ryan Highway Suite 023,Jenniferland,Montana,63702,-34.709132,68.9397655
Emily Hart,43,079 Tanner Forges Apt. 778,Bennetttown,North Carolina,50831,-131.326880,16.635491
Alan Morris,60,56751 Emily Mill,Port Kennethchester,New Jersey,26559,25.143269,-85.341835
Seth Hood,66,7246 April Views,South Javiermouth,Illinois,52900,18.630492,-77.4706825
Scott Stone,26,09276 Kennedy Crest,Port Elizabeth,Tennessee,84645,5.831624,-14.8443515
Dr. Jean Simpson DDS,34,2868 Michael Turnpike,Patrickfort,Ohio,94012,38.811559,4.579873
Steven Howell,76,4970 Johns Park,New Judith,New Mexico,69072,147.365720,14.659183
Frank Nelson,29,172 Lewis Drive Apt. 416,Glennmouth,Idaho,02075,15.722595,-53.8989965
Michael Hammond,38,422 Thomas Plains Apt. 339,West Royton,Illinois,96162,92.013606,-50.640120
Sophia Peters,73,6729 Marcus Drives,West Anna,Louisiana,83908,112.061347,81.4276195
Mark Garza,54,428 Mark Islands,East Laura,North Carolina,57255,-171.481931,30.918812
Joseph Rubio,72,0142 Parker Flat Apt. 946,South Frederickmouth,Ohio,45795,-178.464470,29.452594
Mr. Scott Barry MD,29,8658 Susan Landing Apt. 897,Lake Brianna,Alaska,74461,-142.220734,-2.3805555
Kristin Bishop,52,905 Mary Village,Fletcherton,Maine,66886,99.414876,1.384058
Joseph Richardson Jr.,63,830 Tanner Crest,Port Jennaville,Wyoming,26254,-144.164037,-25.9301785
Phillip Hoover,64,78413 Vincent Skyway Apt. 995,Farrellfort,Louisiana,27044,-71.163121,73.817822
Nathan Bowers,67,42323 Lucas Course,Stevenmouth,Nevada,89475,-45.733049,0.9939525
Sharon Rodriguez,39,405 Darlene Pine,Port Michaeltown,Ohio,24932,-72.345727,-28.9830185
Jennifer Adams,36,0404 Willie Isle Suite 193,New Charles,Pennsylvania,79265,94.866078,30.2614985
Elizabeth Hernandez,65,215 Austin Knoll Suite 799,Christopherberg,Alaska,17936,-152.769805,-12.911186
Frank Reyes,27,627 Garcia Glen Suite 123,South Juliebury,New Mexico,26592,173.467020,-62.639271
Cristian Peterson,58,51710 Carlson Grove Suite 773,New Ashleyton,Wisconsin,58998,69.118890,-52.884064
Richard Carrillo,42,8342 White Locks,Susanburgh,Utah,15619,-73.065833,8.9658925
Samantha Wilson,50,23986 Lori Loaf,North Jennifer,Montana,07274,103.671249,81.7141755
Charles Turner MD,52,7647 Lori Divide,Port Kevin,Kentucky,29453,151.500285,55.443024
Jason Carpenter,30,747 Martin Tunnel,Williamsmouth,Pennsylvania,28797,61.652516,46.4343595
Emily Herrera,53,3469 Jennifer Greens,Marthaview,Arkansas,40432,-23.642674,48.707247
Briana Schaefer,62,4990 Rice Rapid Suite 539,New Tanyaton,Hawaii,69798,116.740086,-39.6275655
Anthony Odom,35,604 Rivera Stravenue Apt. 393,Lisahaven,Hawaii,08398,-119.921397,-20.138560
Brittney Wood,77,6338 Thompson Lights,Currystad,West Virginia,80508,-155.858557,-37.5969805
Diana Bean,76,6418 Hamilton Union Suite 425,Port Johnchester,Iowa,19497,-30.473378,77.836326
Nicole Smith,55,001 Angelica Glen,Lawrenceland,Kansas,77473,69.663413,26.793594
Donald Huffman,39,14035 Parks River Suite 207,Heathermouth,Kansas,58887,-175.913660,-65.731300
Jasmine Brown,80,7333 Henderson Pass Apt. 379,North Shawnmouth,Illinois,34560,-26.293469,-41.9807245
Cassie Zimmerman,51,6205 Bobby Well Suite 569,Jayburgh,Tennessee,17464,-4.974058,87.6052725
Anthony Shepard,64,00902 Bob Mountains Apt. 385,West Michael,Washington,80520,41.357594,31.094638
Angela Lewis,44,0043 Smith Dale Apt. 284,Robertsonborough,Vermont,41202,18.656765,-34.6190535
Melanie Harrell,38,676 Harry Vista Suite 055,South Rickyberg,Kentucky,85598,-47.378022,-14.2715795
Stephen Luna,47,931 Rice Union,Savannahshire,Mississippi,80248,-56.200217,-0.2591885
John Jenkins,32,404 Dalton Walk,New Jacobview,North Carolina,02263,144.788521,54.945559
Jason Jensen,33,05101 Johnson Rapid Apt. 592,Aaronview,Louisiana,69636,-7.028676,54.8795465
Nancy Lee,80,02697 Michelle Harbors,West Joshuachester,Washington,13283,-103.687469,65.3149595
Cheryl Barnes,25,49535 David Gardens,New Vincent,Georgia,25367,33.239441,28.3999295
Robert Daniels,60,14611 Michael Spurs Suite 247,New Craigfort,New York,20598,-95.288441,-48.1051505
Cristina Shaw,33,243 Clark Harbor Apt. 432,Teresamouth,Nebraska,81522,150.754006,-3.919084
Isaac Baldwin,60,1410 Murphy Well,East John,Alabama,69689,-80.418671,-37.4906225
Jacqueline Thomas,23,493 Mcguire Gateway Suite 203,Dianaside,South Carolina,17521,-141.526000,-51.1048795
Jeffrey Gonzalez,59,47827 Deborah Village Suite 582,Karenmouth,Nevada,91760,-23.970641,-73.2517585
Jason Stephens,42,8226 Gabriel Cape,Donaldfurt,South Carolina,84279,117.241496,-36.528381
Bradley Jones,60,68784 Cuevas Ports Suite 168,Wilsonmouth,Idaho,35425,-56.934235,7.619540
Christina Stanton,19,92509 Blake Fall Apt. 204,Lake Courtney,Pennsylvania,47564,97.024692,-43.7622605
Melissa Castaneda,34,621 Alexander Trail Apt. 602,South Matthewberg,Minnesota,62214,-2.023781,-41.0900295
Crystal Powell,26,685 Jennifer Forks,Riosmouth,Michigan,91290,-13.553106,-56.3791375
Connor Joseph,78,2224 Lauren Oval,East Sharon,Rhode Island,80008,-40.543897,46.9966545
Jesse Walker,69,261 Torres Spurs,Maryville,Louisiana,31865,-84.319910,18.871688
Gregory Williams,56,241 Ashley Shoals,West Melissatown,Utah,58712,64.734164,45.7338445
Tristan Goodwin,79,038 Brown Cliffs,Kristinbury,Maine,65455,-95.043027,14.315167
Jessica Martinez,24,54520 Barker Bypass Apt. 713,Bullockmouth,Oregon,32171,12.145002,11.1909105
Steven Allen,45,898 Jenny Crescent,Alexandershire,Florida,83488,126.435692,-2.513044
Ricardo Diaz,71,9348 Jennifer Streets Apt. 435,Lake Eric,Alabama,63651,130.182482,76.5565475
Stephanie Meyers,20,00595 Hayes Fort Apt. 261,Michaelborough,Florida,21682,-169.979035,30.569901
Jamie Simpson,75,9166 Lloyd Hill Apt. 372,South Valerieshire,South Carolina,19189,31.250958,-48.9112075
Melissa Shepard,54,661 Smith Fields,Wardhaven,South Dakota,24126,54.034858,42.728554
Justin Campos,49,83003 Montoya Ways,Port Amy,Massachusetts,10027,-146.857357,-26.4260865
Laurie Kent,65,474 Andrew Mountains Suite 383,New Reginald,Nebraska,88084,39.532171,16.9835855
Alyssa King,21,149 Nicholson Valley Apt. 838,Stewartmouth,Washington,45591,-46.077216,-2.6270295
Peter Bauer,57,4443 Ferrell Freeway Apt. 136,Garciatown,Iowa,42459,126.746562,51.936490
Leslie Clark,66,2139 Rodgers Turnpike,North Ashley,Nebraska,63657,-12.950339,34.4768245
Dustin Young,74,6270 Becky Harbor Suite 284,Port Madelineland,California,15045,-12.972169,-26.648714
Eduardo Kim,20,211 Brian Keys Apt. 787,Tuckerfort,Georgia,71602,150.024639,-54.7711345
Clifford Estrada,49,00521 Misty Flats Suite 260,South Dwaynefort,California,07130,-42.857394,-86.422145
Angela Leblanc,36,3492 Waters Road,Port Joe,Florida,65939,-112.548557,40.8319015
Emily Jones,60,705 Richard Place Apt. 440,Russellmouth,Arkansas,48355,31.849932,-47.165962
Megan Mcmahon,70,6722 Acosta Vista,Gordonborough,North Carolina,44672,127.979162,72.3846985
Mr. Jason Hernandez,73,45560 Timothy Lock Apt. 983,New Jessica,Michigan,67556,-72.348455,-31.5817585
Holly Jenkins,37,559 Mary Stravenue,Lake Philip,Indiana,17979,-35.042856,-34.8796495
Douglas Johnson,20,0671 Julie Corners Suite 662,Gouldbury,Georgia,30027,7.321117,-87.6309445
Brandon Hill,56,09294 Micheal Squares Apt. 060,West Alyssatown,Idaho,07756,111.036181,-69.5409745
Ricky Wilson,49,90890 Lamb Haven Apt. 289,Sarahmouth,Nebraska,96953,42.780356,9.581305
Tina Moore,71,075 Miranda Street Apt. 607,North Julie,Colorado,20292,-101.940859,28.116311
Elizabeth Roman,63,62932 Ramirez Plaza Apt. 502,South Danamouth,Tennessee,10412,131.517382,35.610058
Debra Barnett,44,7034 Anderson Mountains Apt. 207,Jimenezmouth,North Carolina,80928,100.093143,-87.9091675
Christopher Woodard,77,9707 Amy Ridge Suite 670,Jamesbury,Tennessee,72684,-105.577077,-53.3018525
Angela Thompson,41,5030 Charles Hills,Danielhaven,Connecticut,15078,142.763505,-78.9221695
Wayne Wood,78,83549 Osborne Inlet,Crystalview,New Jersey,47503,9.530136,-84.3627225
Brandi Chan,77,38266 Dean Trail Suite 211,Miguelberg,New Jersey,33367,-175.691146,-24.465019
Denise Murray,44,9103 Alexander Islands Apt. 430,North Nathan,Connecticut,24288,-147.283066,-30.616752
Richard Bates,27,26111 Yesenia Valley,East Elizabethton,Vermont,76983,94.850779,13.155243
David Hoffman,24,41753 Victoria Islands Suite 471,South Vincent,Missouri,28043,127.903078,19.6625535
Randy Jones,50,499 Mark Ports Suite 590,South Christopher,Utah,31829,167.162089,1.0277855
Kimberly Luna,19,479 Carter Pike,East Kevinburgh,Oklahoma,23477,34.513713,-21.968046
Melissa Williams,57,6174 Anna Flats,Curryberg,New Hampshire,79549,92.517998,6.393034
Catherine Stephens,33,0096 Newman Prairie Apt. 232,South Daniel,Vermont,27562,-2.623291,11.3348395
Terri Wright,50,2638 Marshall Views Apt. 634,New Gregorytown,Idaho,65699,-21.215812,69.5518925
Joshua Ramos,42,4109 Brooks Ranch,Danielbury,Maryland,03179,30.021284,-87.862125
Amber Lee,44,002 Smith Pass Apt. 526,North Jackieborough,Idaho,80748,-68.771410,-21.9940025
Kyle Brown,66,0418 Jasmine Land Apt. 505,Duncantown,New York,05764,175.481843,-75.8033785
Ashley Smith,48,0848 Heather Stravenue Suite 046,South Jonathan,Alabama,20814,-88.957349,16.095759
Stephanie Harrison,35,67763 Baker Station Suite 190,South Cathyborough,Kansas,09223,-23.194820,-66.879064
Donna Martinez,27,3694 Odom Path Apt. 853,Lopezbury,Alabama,57462,-54.457089,-16.8938415
Michael Jackson,42,11152 Kyle Mount Apt. 752,Josephhaven,Oklahoma,97324,37.484640,34.4203455
Jamie Simon,28,8029 Shawn Wells Suite 431,Barnesbury,Ohio,81782,44.816926,-79.519976
Kara Cooper,46,9879 Wall Manors,Port Richardhaven,Maine,08105,60.052347,-47.891694
Amanda Mccall,31,3102 Marissa Land Apt. 804,New John,North Carolina,10516,119.236602,-0.254588
Vanessa Lucas,23,64519 Christopher Ports,New Tamara,Colorado,12167,-51.352663,-42.215409
Thomas Green,59,2263 Maria Course,South Sarah,Nebraska,56839,-41.208376,-70.4455755
Erica Rodriguez,65,200 Simpson Freeway,Lake Michael,Maine,44030,176.603308,25.6543975
David Howard,18,449 Tanya Brooks Apt. 973,Jonesmouth,Hawaii,12300,-37.306579,-87.302113
Todd Wood,47,45938 Amanda Meadow Suite 981,Courtneychester,Massachusetts,10047,-70.827038,-80.516819
Steven Leon,35,3198 Banks Branch,South Christopher,New York,92111,-93.783595,62.321161
Edwin Martin,44,693 Garcia Canyon,Adamsmouth,Connecticut,55704,-151.412371,-48.5758445
Juan Whitaker,69,3524 Turner Falls,Lake Christy,Iowa,82172,-127.048257,57.014015
Sue Wells,29,06632 Felicia Centers,New Douglas,Maryland,36606,-122.700959,70.5988085
Edwin Weiss,54,36481 Miguel Street,Christopherhaven,Nevada,22612,22.346077,-34.8624125
Susan Walls,72,91773 Blake Island Suite 604,West Bethanymouth,Delaware,65936,99.364080,44.5129945
Joyce Brown,48,676 Jeffrey Way Suite 970,South Hannahfort,New Hampshire,18957,174.982947,37.575076
James Haney,79,99859 Olson Avenue,Jimenezmouth,Kansas,82154,36.261161,82.8044465
Adrian Stokes,79,57311 Schaefer Mall Apt. 009,East Joshua,Washington,68167,122.153195,-27.8704895
Victoria Robertson,66,830 Julie Forges,Michaelshire,Tennessee,16891,155.673666,-26.8057195
Michelle Walker,49,962 Rodgers Ramp Suite 526,Port Brenda,Idaho,72108,-147.322177,74.5953175
Cynthia Schmitt,68,7613 John Lock Apt. 688,New Isaiah,New York,74934,-135.410976,23.5922885
Marie Adkins,65,809 Ralph Junctions Suite 770,Roberttown,Massachusetts,31870,-145.900153,70.971657
Jeremy Kelly,42,89724 Nguyen Manors Apt. 715,Port Jesus,Colorado,43376,-63.444208,60.1552245
Evelyn Moore,19,1392 Vega Mill Apt. 275,Jasonville,Vermont,03660,26.610378,35.568130
David Jackson,37,485 Finley Inlet Suite 545,Reginaport,Utah,27410,-45.045893,84.855002
Brenda Clay,43,6436 Everett Ridge,Port Christianhaven,Kansas,19685,-60.414487,-3.1189415
Tracy Morris,21,899 Rita Track,West Shawnchester,Oklahoma,78385,48.690752,-5.112689
Megan Hurst,68,837 Thompson Mountain,East Emilyside,Pennsylvania,90068,9.049130,-67.007733
Peter Rosario,62,148 Gutierrez Center Apt. 410,East Ethanhaven,Rhode Island,72375,154.602180,27.1012645
Samantha Carlson,69,58815 Smith Fields,Bishopside,West Virginia,88244,-164.859686,-43.3719955
Jeff Moreno,59,27841 Douglas Port Suite 146,Johnburgh,Delaware,88525,-99.864867,-58.7637125
Haley Davis,26,8606 Anderson Ways Suite 040,Cainport,Vermont,22078,-129.475404,-34.455573
Robert Rowe,21,11006 Brown Key Apt. 706,Rodriguezbury,New Jersey,03557,-51.880312,84.4567535
Michael Rodriguez DDS,22,595 Douglas Track,Littleland,Minnesota,21100,-179.152103,-22.482708
Helen Freeman,45,84565 Carroll Tunnel,North Ashleyborough,Minnesota,11159,103.900545,-4.8008135
Theresa Pham,29,1890 Angela Spring,East Tiffanyberg,Minnesota,61541,25.039013,69.559894
James Soto,63,4573 Patrick Springs,Millerborough,New Hampshire,30364,9.584419,74.414412
Brenda Mckinney,28,15792 Jenkins Landing,Dodsonberg,West Virginia,52747,116.981196,15.776020
William Gonzalez,71,81224 Jacob Circles Suite 780,Chasemouth,Louisiana,83516,-133.299490,33.393833
Adam Marks,29,447 Nancy Springs Apt. 432,Sheltonport,Texas,46950,-18.180683,33.154299
Kevin Gregory,69,718 Erica Parkways,Lukeport,Michigan,99702,128.650327,31.1920745
Matthew Mullins,65,4915 Washington Cove,South Heather,Louisiana,28840,103.152060,-30.387504
Autumn Munoz,42,9949 Byrd Brooks,Meyerburgh,Arizona,65938,130.378846,13.535470
Aaron Steele,44,63662 Jose Way Apt. 542,New Jasonchester,Rhode Island,03894,63.088960,-34.018336
Alexander Moore,80,2303 Weaver Court Apt. 969,North Brenda,Kansas,86212,-92.406652,-40.4593485
Valerie Walker,80,8154 Hill Crossing,Port Daniel,Virginia,70638,-29.075937,39.121695
David Jones,73,5067 Grace Vista,West Sheritown,Hawaii,28525,-73.316127,-69.472780
Ashlee Hicks,51,49224 Frank Dam Suite 400,South Manuel,New Hampshire,61901,-59.721557,60.696922
Dr. Ethan Mcbride,62,5920 Sharon Port,Jasonville,Oklahoma,64701,-63.331050,-61.393429
Courtney Gregory,71,6077 Rodney Hollow Apt. 134,Mariafort,Rhode Island,12696,25.535469,69.1899855
Heather Ritter,46,684 Romero Mall,Alisonville,Connecticut,41850,-66.711268,-45.286046
Damon Williams,43,6806 Coleman Fork,Port Melissafort,Colorado,61835,78.964476,-77.206903
Diane Randolph,47,6128 Sarah Via Apt. 905,Dannytown,Delaware,46132,47.857450,58.3487605
Charles Lambert,56,488 Walker Burgs Suite 798,Lake Davidhaven,Nevada,39526,-145.802290,41.344650
Hayden Carpenter,58,4402 Daniel Turnpike Apt. 887,Keithstad,Virginia,50072,103.863680,-36.3273945
Kimberly Hahn,32,4496 Patton Dam Suite 187,Salazarville,Louisiana,58308,-170.179728,-8.715601
Richard Montes,35,65560 Kent Spurs Suite 505,Amandaside,Colorado,16498,-40.513304,-19.3650975
Billy Taylor,19,640 Randolph Neck,Mannview,Maryland,71466,72.425809,83.651402
Victoria Johnson,49,0115 Forbes Knolls,Stephenton,New York,38870,-153.406368,6.836852
Matthew Thomas,50,54335 Jill Rapids,Madisonstad,Kansas,98855,-134.048385,-65.980442
Theresa Aguilar,48,4928 Campbell Place,Port Aaronfort,Alabama,57891,-112.145350,41.6815795
Kenneth Mason,55,0846 Rice Fork,Kellyland,Alabama,24878,97.042082,-47.218039
Anna Carpenter,27,64094 Rhodes Skyway Suite 392,South David,Mississippi,01803,-41.348147,-76.6460035
Mark Gillespie,50,479 Hall Stream,Gomezmouth,Connecticut,40971,45.289337,31.8828545
Rachel Smith,33,26340 Brittany Overpass Apt. 436,Alisonport,Kansas,75327,-134.901029,43.646929
Robert Maynard,62,334 Cynthia Row Suite 375,Kellyport,South Dakota,30632,-121.657561,-28.148878
Brandon Harrison,77,3949 Martinez Unions Suite 327,Zavalaville,Iowa,24895,-59.354799,-63.143779
Mary Hickman,25,80735 Boyer Springs,South Chadview,Massachusetts,04773,21.013366,78.2312175
Antonio Wong,57,5000 Gallagher Glen Suite 549,Lawrenceshire,Alaska,21488,-141.949318,-61.387759
Stephanie Sutton,56,59247 Michael Ridge Apt. 839,Rhondaside,West Virginia,07791,136.254839,66.070700
James Collins,65,030 Reyes Springs Suite 696,North Tristan,Missouri,18184,64.191221,-21.247373
Heidi Hicks,72,1897 Estes Camp,Fosterchester,Kansas,31833,122.439326,-61.0046275
Melinda Frazier,71,585 Johnson Junction Suite 848,Harriston,Nebraska,18833,133.320664,-43.9710005
Stephanie Garcia,24,902 Michael Loop,Masseyborough,West Virginia,07814,-80.887904,60.254797
James Powell,68,95288 Griffin Mission Apt. 072,Nolanshire,Alabama,66106,-32.732923,62.488801
Charles Hays,40,72248 Howard Brook,Rothton,New Mexico,42380,-24.656573,74.5841155
Phillip Parks,21,35614 David Track,Cohenhaven,New York,93296,155.587779,-89.460087
Mrs. Carol Hoover PhD,66,4834 Elizabeth Highway Suite 314,Robertville,New Mexico,27590,-170.615571,5.897831
Danielle Mccarthy,29,8291 Mary Tunnel,Port Thomas,Mississippi,75361,136.123799,60.471943
Mr. James Hebert,30,60996 Heather Mountain,Vasquezmouth,Mississippi,97121,-57.707646,-44.502872
Thomas Kerr,20,01704 Nicole Gateway,Perezbury,Ohio,04136,108.136658,85.5291855
Dr. Amber Hopkins,64,7685 Smith Passage Apt. 957,North Lee,Washington,91237,-129.997299,-61.629762
Kristin Carney,42,01244 English Alley,East Deborah,Nebraska,35554,-14.067289,-76.854009
Ryan Green,54,024 Vanessa Port Apt. 285,Edwintown,California,31647,172.779861,32.6574925
Daniel Martin,22,3478 Meyers Trafficway Apt. 084,Barbarastad,Wyoming,89630,63.293695,2.294216
Mr. Nicholas Newman,74,2412 Flynn Station,East Davidland,Wyoming,86998,-65.969570,-55.3302595
Robin Smith,23,127 Adams Inlet,Butlerton,Kentucky,77988,0.374266,5.1163405
Scott Orozco,58,65326 Elizabeth Course,Jeremymouth,Colorado,93858,-161.542724,15.215625
Aaron Cardenas,37,80326 Rebecca Mission,New Markport,Maine,03962,-141.865188,-32.444483
Kelly Pollard,25,52324 Anna Locks,South Julia,Florida,40226,19.803969,-54.213619
Charles Hall,45,21698 Stewart Unions,Port Elijahshire,Minnesota,09729,93.315375,-45.6625725
Catherine Monroe,19,748 Lane Curve Suite 197,Hernandezfurt,Connecticut,22527,-56.339562,36.844742
Angela Atkinson,27,286 Miller Streets Apt. 936,Ruizmouth,Ohio,22038,-42.683192,-73.004448
Stephanie Jackson,33,966 Jonathan Gateway,West Andreabury,Missouri,90664,0.400583,-35.1940255
Anthony Bullock,32,875 Margaret Route,Hillshire,Illinois,68172,75.240245,56.2001095
Colleen Walker,19,532 James Trafficway Apt. 755,Emilychester,Oregon,40403,25.458245,-64.463790
Randy Church,33,195 Baker Rue Suite 264,East Thomasburgh,Oklahoma,88415,-50.323358,-75.779252
Shannon Gallagher,52,8965 Diane Freeway,East Charleschester,Missouri,17925,-84.858774,-77.358641
Lauren Wallace,38,29733 Lauren Locks Apt. 153,Christopherbury,Iowa,17316,169.485228,-42.016815
Candice Kirk,69,3485 Anna Motorway,South Kimberly,Arkansas,15023,40.951120,-55.8774085
Cheryl Tate,22,709 Charles Common,Lake Elizabethmouth,Virginia,68226,-169.061987,26.656931
Michael Barton,41,4179 Michael Avenue Suite 947,Beasleyside,West Virginia,80426,6.537580,54.5183785
Stephanie Krause,33,29048 Perry Parkway,East Jeffreyburgh,Virginia,10327,64.309799,-80.707447
Kelly Thompson,37,4125 Adam Cliffs Apt. 755,Kelleyton,North Dakota,66920,34.654100,-55.377579
Benjamin Ferguson,72,4764 Watson Curve Suite 603,New Denise,Oklahoma,64892,-82.015439,-71.7235705
Brianna Page,29,724 Michael Crest,Harrisberg,South Carolina,13756,18.276463,-70.9410045
Ryan Garcia,66,1380 Brown Corner,East Nathanshire,Colorado,20052,-160.001611,30.6458685
Joel Orr,36,0182 Anderson Village Suite 628,Lewisberg,New Hampshire,82190,22.698016,26.488305
Thomas Howard,35,8088 Brandon Club Apt. 775,New Jasmine,New Jersey,86594,-76.597473,18.4705965
Amy Jackson,67,241 Cain Roads Suite 808,Carlyton,Massachusetts,05376,83.409972,88.4914295
Stacy Smith,22,5418 Young Rapids Suite 531,Peterchester,Oregon,83169,156.578120,17.750188
Anthony Adams,19,78628 Jeremy Inlet Apt. 400,New Danamouth,Arkansas,84940,-178.698520,-76.0441945
Emma Jacobs,30,100 Parker Viaduct,Kimfort,Massachusetts,77152,110.149410,-9.5222095
Susan Cervantes,61,67288 Mejia Isle,East Shannonmouth,California,99505,-18.336015,22.6403795
David Mccoy,21,568 Cynthia Flat Suite 176,West Kelly,Oklahoma,53303,118.242909,-37.868444
Jeremy Mccall,61,3606 Christina Key,East Kylechester,California,05980,-134.322050,37.305236
Kevin Aguilar,19,57566 Hill Lodge Suite 457,North Stephanie,New York,64087,-95.452930,-48.458841
Sally Glover,71,734 Brandon Loop,Annaland,New York,03373,-111.485298,-72.0367795
John Norris,58,03178 Rhonda Vista,Lake Meredithborough,South Dakota,26782,-70.564767,18.8871815
Brian Porter,49,724 Tamara Extensions,Port Johnnyburgh,Oklahoma,92472,74.713287,3.217836
Rachel Young,44,9845 Fox Brook,North Stephenmouth,Hawaii,00980,-133.976191,51.9546745
Daniel Herrera V,35,9494 Victoria Field,Lake Davidmouth,Idaho,51730,172.395237,18.820732
Joanna Bishop,33,721 Mikayla Plaza,New Sara,Pennsylvania,43101,-38.469105,-87.296043
Andrea Harris,69,173 Dawn Road,New Marie,New Mexico,25328,6.604734,68.9495075
Adam Castro,56,5637 Robert Village Apt. 631,New Lisa,Colorado,85235,99.819332,33.7510645
Bobby Wagner,53,796 Mejia Greens Apt. 434,Port Deborah,Connecticut,86102,-177.618415,0.6455625
Michelle Lopez,75,28703 Aaron Manors,Allisonborough,Iowa,81622,45.228335,-12.191509
Wesley Lee,22,63886 Elliott Points Apt. 399,West Lori,Maine,98056,-83.520830,-45.8196415
Jamie Lang,47,134 Parsons Hollow,South Davidmouth,Rhode Island,47359,-103.026810,-6.984562
Wayne Garrett,80,9099 Cindy Track,Joelfort,Vermont,41829,164.752462,1.7638765
Martin Hall,25,9644 Amy Wells Apt. 239,Powersport,New York,66206,-100.749355,-52.6306795
Christopher Ruiz,65,17669 Miller Cliff,South Josephfurt,Rhode Island,04147,-161.330207,76.378779
Alexander Fuentes,47,2017 Smith Trail,Jonesshire,West Virginia,23916,-17.007893,17.8622185
Jeffery Mckee,60,075 Jason Underpass,Bradleyfort,Minnesota,27790,48.600575,-68.851524
Erin Carlson,48,13605 Ellis Village Suite 654,West Thomas,California,87005,-131.981837,-65.2373545
Ashley Gonzales,33,6428 Joy Divide Suite 853,Port Vincentshire,Florida,92097,-71.644266,-33.361921
Brandon Wade,34,72952 Jenkins Fork Apt. 566,Angelaville,South Dakota,80663,0.713849,-63.1714225
Michael Jennings,67,7349 James Haven,East Gabriel,New York,64002,-81.992936,-73.939723
Penny Dixon,48,5374 Martinez Place Apt. 005,Michaelstad,Wisconsin,77718,39.848806,-22.515755
Jamie Green,48,108 Jason Port,East Rebecca,Arkansas,15113,137.353328,80.9748895
Anthony Flores,20,477 Rogers Haven Suite 987,Lake Danielview,Rhode Island,38725,79.546266,-54.166451
Susan Carroll,55,0262 Frank Prairie,Ramoschester,Florida,71756,-168.650097,-26.816156
Michelle Smith,57,34600 Gardner Dam Apt. 052,New Jessica,Rhode Island,81243,111.688550,25.940064
Mary Fisher,49,18009 Dawn Ramp Suite 832,South Desiree,New Mexico,82684,-155.037102,-33.783694
Luis Gomez,61,4297 Raven Mountain,Ramseyhaven,Alaska,75378,136.616471,-46.079151
Christina Russell,59,8208 Gray Ports Suite 505,Port Wendyshire,New Jersey,92304,70.373890,81.5180995
Lindsey Medina,31,71255 Pollard Parkways,Darrenport,South Carolina,96223,57.120423,14.3367005
Brenda Smith,21,0784 Mayer Turnpike,South Kevinshire,California,04009,-0.700217,-66.0001715
Jesus Jones,66,5452 Tony Underpass Apt. 444,West Amyberg,Ohio,62958,-18.303864,-66.4545705
Timothy Anderson,55,55417 Zamora Avenue,West Karen,New Jersey,44040,-67.638068,2.341497
Casey Yoder,33,448 Jose Tunnel Suite 023,West Robertside,Florida,69060,141.644369,14.767114
Tina Fisher,66,7874 Tanya Island,North Hollyburgh,Rhode Island,84305,68.108819,-14.5805355
Joshua Moore,34,57589 Joseph Fall Suite 296,Emilyport,Hawaii,09108,172.785436,-83.7467565
John Bates,61,88066 Lynn Court Suite 728,New Eric,Vermont,71533,-70.569487,-7.325510
Roger Lewis,21,28855 Terry Corner Suite 165,Youngmouth,Illinois,68324,-13.694604,-3.909901
Lori Green,54,6824 Bright Wall Suite 423,South Ryan,Utah,21496,-49.531486,42.1585055
Courtney Allen,80,9635 Dunn Isle,Port Stephanie,Louisiana,33852,-155.784359,57.4353525
Timothy Taylor,78,85854 James Heights Suite 602,Hamptontown,Virginia,65212,-128.341849,-18.268259
Maria Stewart,29,05499 Travis Islands,North Vanessa,South Carolina,87582,-141.302994,34.156486
Travis Vazquez,80,31028 Kyle Pine,South Kevin,New York,82858,-60.007586,-43.258422
Scott Munoz,19,78557 Rachel Glens Apt. 203,West Ryantown,Idaho,12603,-156.913750,-39.3365115
Benjamin Moody,76,37724 Kelly Circle Suite 666,Smithmouth,Minnesota,98792,-169.704399,37.240450
Laurie Wright,36,7338 Miller Village Suite 574,West Joshuaborough,Georgia,77753,100.738880,-41.140554
Pamela Moore,31,11318 Teresa Springs Apt. 176,Martinezshire,Hawaii,83920,148.979686,-40.1838255
Jasmine Thomas,78,15496 Madison Shoal,Warrenport,California,25903,4.778903,-78.653288
Glen Golden,58,193 Eric Wells Suite 173,East Sandraton,South Dakota,73691,109.222132,36.582393
Dustin Burton,39,361 Ryan River Apt. 221,New Carol,Indiana,76899,-140.433426,-73.569325
Dale Murray,60,689 Tabitha Loop,Lake Lisaland,Texas,35031,-101.513340,-14.2158215
Ralph Walker,78,031 Campbell Keys Suite 452,South Jessicaberg,Oregon,87829,-139.318933,28.535594
Michael Snyder,73,132 Ryan Ridges,Port Williamside,Idaho,04041,83.420371,43.9492485
Jacqueline Stone,52,2806 Christopher Crest,Shannonchester,Idaho,54735,91.755727,-65.0640995
Christopher White,23,7572 Hughes Road,Lake Carolyn,Nevada,68604,-48.687656,-23.081119
Sean Lucas,21,764 Janet Stream,Port Shawnaville,Utah,50035,174.324174,51.815397
Nicole Hill,47,8153 Alexandra Springs Suite 538,South Shelby,Washington,02890,33.531533,-8.342210
Patricia Haynes,31,4374 Washington Track Apt. 966,New Charleston,South Dakota,04180,-109.520465,35.0784205
Erin Smith,75,5244 Ryan Hills,North Kariville,Indiana,15813,-91.792516,89.4283205
Victoria Valdez,75,92204 Mclaughlin Turnpike,East Robin,Utah,63807,-87.657257,-49.4527185
Joann Reynolds,49,3801 Russell Road Suite 391,Williamsside,Nebraska,99238,76.091899,-12.7848755
Cynthia Carpenter,20,839 Gray Estates Suite 926,Maryville,Maryland,44636,72.348730,55.6943665
Todd Garcia,53,778 Jacobson Field Suite 548,Juanburgh,Tennessee,35495,-130.667100,4.846554
Victoria Leon,65,7016 York Fields,East Tamara,Florida,34420,97.298484,-11.6735235
Kevin Moon,72,72437 Corey Path,Wadeburgh,New Hampshire,18090,149.375714,-0.4958755
Stephen Clarke,63,632 Daniel Cove Suite 494,Barkerport,West Virginia,40821,-169.754559,71.6175395
Tracy Benson,47,4493 Christina Walks,Port Jonathan,Nebraska,99842,37.974880,-45.200655
Cristina Elliott,20,11500 Brooks Heights Suite 829,South Seanbury,South Carolina,85448,155.225310,68.584068
Jeffrey Bullock,69,719 Fernandez Manors,Josephborough,Kansas,80309,124.268642,-10.8271335
Anthony Jones,50,4157 Dana Trail Apt. 454,Jonberg,New Mexico,28828,156.372986,-2.7155525
Natalie Estes,44,02952 Smith Expressway,Amymouth,Colorado,80003,-12.341540,50.338223
Kimberly Peterson,50,548 Gerald Coves Apt. 679,Jamieport,Virginia,12524,169.975132,59.6207405
Amanda Beck,50,0127 Thomas Creek Suite 757,Benjaminburgh,Delaware,30997,104.009613,-4.740221
Alexandra Schmidt,28,2485 Leon Forks,Jessicaburgh,Arizona,33552,111.617585,69.935111
Christopher Ellison,41,788 Johnson Tunnel Apt. 592,Marvinberg,Kansas,47936,-46.066824,-43.7400715
Mrs. Jennifer Frazier,38,509 William Loop Suite 663,Davidton,Idaho,95116,29.731055,8.5304315
Brenda Greene,56,4227 Jennifer Islands Suite 503,Hunterhaven,West Virginia,50424,-101.156623,5.121740
Daniel Duffy,40,51073 Kelly Plain Suite 859,Blackwellville,Connecticut,86627,-177.840479,-29.9046835
Melissa Smith,30,625 Cynthia Landing,Blackville,Oregon,63237,113.732322,35.9938915
Joshua Brown,40,0806 Jones Plains,Thompsonton,Virginia,80558,28.705585,-73.1969085
Melinda Hall,44,32315 Jeremy Village Suite 398,Jenkinshaven,North Dakota,83435,-73.803464,-43.203196
David Robinson,75,437 Phelps Place,North Robertland,Vermont,73178,-145.098320,-68.769261
Miss Jessica Stone,57,2625 Amy Villages Suite 277,Timothyside,New Hampshire,04641,140.956656,-68.3854555
William Patel,23,137 Wells Via Suite 359,Wallaceborough,North Dakota,01549,-101.287708,33.953899
Jeremy Moreno,46,11345 Gail Road,Lake Jane,Virginia,34168,-170.260194,-64.003941
Jeffrey Parks,49,8305 Valerie Valleys,Moorefort,Massachusetts,61529,116.416855,11.292036
Catherine Torres,33,667 Rebecca Court,Martinborough,Wisconsin,98019,162.655532,-39.975472
William Hammond,56,46501 Kathy Turnpike Suite 296,Lake Darren,Maine,46218,102.839990,1.4428435
Julie Jones,67,71592 Davis Manors Apt. 660,Christopherstad,South Carolina,23359,69.670948,-23.5073295
Elizabeth Gordon,23,73208 Savannah Squares Suite 311,West Ruthport,South Dakota,07416,-96.713956,-22.508541
John Haynes DVM,58,2691 Mendoza Trace Apt. 368,Lukeland,North Dakota,12147,175.852971,5.367560
Debbie Jones,35,48824 Kimberly Wells Apt. 738,Sarahfurt,Nevada,26161,-109.869959,-31.047823
Thomas Thompson,61,38013 Ramirez Field Apt. 851,New Stephanie,Louisiana,80225,164.719498,-29.0988495
Charles Krueger,50,27926 Anthony Ports,Ericburgh,Maryland,41039,101.578497,54.449698
Emily Diaz,65,67220 Church Locks Suite 843,Port Brianland,Ohio,08626,155.292754,-11.1208405
Matthew Roberts,20,799 Scott Plain Apt. 797,Brianmouth,Montana,44118,171.137972,19.1749145
William Turner,50,273 Kelly Ports Apt. 665,Jordanhaven,Oklahoma,65960,86.279406,46.1076835
Jeffery Jackson,32,814 Cobb Avenue,Lake Brianview,Idaho,33539,-66.953532,4.8496895
Amanda Meyer DVM,26,962 Austin Isle,Lauraville,Texas,52767,-142.951005,-37.4480775
Jessica Lee,68,6388 Brenda Island,Jenningsmouth,Colorado,32550,-78.596368,6.9097815
Lisa Bennett DDS,69,489 Acevedo Corner,New Jenniferchester,Hawaii,22746,-42.047154,-49.584363
Tyler Mcintosh,32,22990 Eric Fall,Zacharymouth,Wyoming,15751,-119.133262,50.659423
Daniel Black,51,15899 Jeffrey Square Suite 935,Michelletown,Massachusetts,87827,178.808470,15.9943585
Andrew Hinton,34,735 Ryan Square Suite 491,East Michael,Iowa,41037,20.580616,-27.6590895
Larry Quinn,28,51380 Hurley Tunnel Suite 262,Lake Thomas,Pennsylvania,53880,-45.426969,1.184956
Vanessa Wilkerson,54,64937 Gavin Oval Apt. 655,Johnsonshire,Texas,46179,-88.196177,10.3066095
Jessica Cantrell,53,61328 Andrea Radial,Martinberg,Arizona,05172,102.249502,60.173358
Michael Lewis,75,7813 Nicole Loaf,West Garyfort,Vermont,68265,-23.805674,56.8688545
Jacob Reid,57,1118 Troy Ridges,Matthewstown,Kentucky,50946,121.115924,-30.3204045
Daniel Espinoza,26,8884 Pierce Mews Apt. 171,North Sarahfurt,Tennessee,11593,-109.970730,87.200987
Mark Jackson,55,8351 Jenny Plaza Apt. 410,South Samuel,Pennsylvania,50478,-143.822623,43.291516
Mary Moore,57,90272 Browning Village Apt. 658,Kevinland,Texas,48889,25.659725,79.6049225
Robert Johnson,55,5108 Evans Fields Suite 209,Lake Tara,Pennsylvania,42433,166.323571,76.241348
Patricia Jones,53,606 Copeland Throughway Suite 212,Richardside,Connecticut,26138,65.637475,69.7333455
Frank Armstrong,49,5651 Carol Island,Huffside,Oklahoma,69473,-93.375802,29.2442955
William Kidd,71,69213 Kelly Row,Port Josephview,Wyoming,39545,-103.584898,40.3097755
Melanie Hudson,49,422 Peter Port,Charlesbury,Michigan,45004,-163.509835,-76.249739
Charles Willis,29,02132 Amanda Via Apt. 707,Vegachester,Georgia,34666,3.059478,2.8994575
Nicole Ryan,23,43654 Santiago Station,New Nicholasview,Florida,98044,68.344904,65.8468405
Monica Shannon,23,856 Ronald Stravenue Apt. 952,Lake Jamesside,Alabama,36466,116.743468,-62.975637
Bradley Ray,56,58874 Kirby Centers Suite 246,New Michelle,New Jersey,20991,119.305115,-47.0957065
Tracy Conway,43,93183 Ashley Spring Apt. 663,South Jessicafurt,Connecticut,97489,141.217792,2.6033395
Maurice Johnson,37,124 Patricia Club Suite 487,Debrafurt,Nevada,73766,32.825996,6.8739095
Angela Hines,30,55868 Kathryn View,North Joshua,Tennessee,42417,-151.085136,-55.1865005
Jane Hodges,42,97813 Rangel River Suite 265,Barbermouth,South Dakota,72149,79.230151,88.5703785
Vincent Williams,22,593 Michael Park Suite 394,East Louis,Tennessee,88952,-120.461766,-89.453054
Amanda Riley,50,7297 Rachel Villages Suite 157,Tanyashire,North Dakota,73546,-85.874993,-49.785206
Robert Wilson,30,7950 Bryant Mission,New Charles,New York,32026,171.451394,21.9642045
Brian Griffith,62,725 Jack Viaduct,South Josephfort,Oklahoma,77768,-37.171725,-52.763934
Jeremy Williams,56,513 Guerrero Villages,Port Timothyton,Maryland,92546,-84.902642,-70.4923295
Austin Park,35,282 Jeffery Avenue Apt. 794,Melvinburgh,Maryland,69872,139.966441,-66.0366875
James Vang,74,103 Andrews Route,Port Courtneyborough,Alaska,64942,-162.280466,24.2021625
Alisha Obrien,41,4679 Wilson Cape,New Alberthaven,Pennsylvania,44480,84.630022,82.5737705
Annette Page,31,7398 Gregory Lakes Suite 971,New Kenneth,Kentucky,73257,153.324890,26.0139395
Connor Reed,72,72682 Harrison Ferry Apt. 314,East Jenna,New York,77805,-48.147490,21.1367725
James Everett,52,330 Smith Bypass Apt. 053,Kathrynfurt,Washington,18745,-73.987313,-22.545773
Rebekah Shelton,25,46801 Snyder Plaza,New Robertshire,Wyoming,26787,-3.862798,78.316310
Jamie Moon,44,73753 Snyder Plains,Stephenburgh,Connecticut,95201,158.340634,63.9087105
Dr. Michelle Bell,39,3295 Richardson Mountain Apt. 905,Michaelshire,Oklahoma,34688,171.371273,62.809677
Mr. Michael Hernandez MD,73,13871 Walker Ridges Suite 196,Fernandezmouth,Virginia,27669,46.758672,-60.106713
Megan Williams,43,635 Kenneth Squares,South Stevenbury,Kansas,72843,-58.177079,68.1394805
Leslie Mejia,68,917 Moss Gardens Suite 668,Montoyahaven,Maryland,77723,-135.371579,-61.7900845
Paul Flowers,79,8111 Phillips Track,South Heatherport,Oklahoma,31111,-76.334907,50.4014495
Troy Davis,18,40625 Marshall Fall Suite 566,Arnoldton,Pennsylvania,55315,-33.396137,85.985373
Dr. Sandra Fisher,52,2633 Joseph Ranch Suite 855,Theodoreport,Louisiana,81422,-97.346651,42.136330
Kelly Murphy,80,881 John Ports Suite 303,Johnland,Montana,26728,-78.419257,66.220079
Mrs. Lindsay Nguyen,23,559 Shannon Harbors,Michaelfurt,Hawaii,40819,169.945332,-53.533780
Charles Page,49,50254 Morse Passage Apt. 199,Tamaraville,Vermont,87371,95.027917,80.2621495
Kimberly Haley,79,17978 Logan Rapid Apt. 982,East Ethan,Florida,05227,90.445091,87.707203
Ms. Alicia Bryant,34,3222 Delgado Freeway,Johnmouth,Oregon,63908,47.123895,-46.859074
Tanya Hernandez,18,524 Ingram Gardens,North Lauraton,New Jersey,16474,-170.087337,72.031121
Gregory Deleon,58,47540 Jessica Locks Apt. 589,Smithfort,Alaska,77470,132.218549,-6.485190
Dana Perez,39,89190 Holly Stream Apt. 462,Gallagherstad,Michigan,16646,-97.507692,66.3860215
Nathan Ruiz,20,0104 Morgan Plains Suite 955,South Joseph,Tennessee,85383,-104.722136,-44.179621
Gregory Nelson,56,2453 Gaines Crossing Apt. 116,West Philip,Kentucky,41737,-94.923770,-4.4527265
Natalie Lee,45,414 Kimberly Islands,Smithborough,Tennessee,85741,-41.600636,69.768878
Elizabeth Odonnell,64,0408 Burns Knoll Suite 121,Grantborough,Tennessee,30320,33.376509,73.295460
Kiara Porter,46,0845 Amanda Mount,Moniqueburgh,Illinois,06868,60.714667,68.2418765
Shannon Nelson,32,9776 Jones Cove Suite 501,Phillipfurt,Delaware,83568,55.904450,-55.3271785
Shannon Edwards,54,5676 Brian Loaf,Heatherfort,Tennessee,02891,-179.404440,-35.588487
Kimberly Harris,52,13295 Amanda Ports Apt. 288,Beckyport,Missouri,47892,63.420996,28.4689765
Debra Kelley,37,62472 Steven Knoll,Annettefurt,Georgia,91950,86.990606,51.751731
Richard Chen,50,51862 Bennett View,East David,North Dakota,75911,-112.069778,-67.130788
Theresa Martin,51,747 Barbara Mission,South Christopherchester,Georgia,23944,-117.259677,56.5531625
Michelle Clark,56,68175 Julia River Suite 611,Port Christineshire,California,07877,-136.732952,-20.948461
Brenda Willis,19,12636 Kevin Manors Suite 095,Port Francisview,Nevada,37467,-179.435357,-1.266605
Donald Stanton,39,87244 Shannon Mountains Suite 561,Port Richardmouth,Nebraska,71632,-42.962386,-80.852209
Jamie Garcia,75,6565 Wilkins Mall,South David,Iowa,24443,-147.433081,2.713323
Kathleen Adams,29,4091 Richard Alley Suite 234,New Jeffrey,Nevada,53396,-10.979889,-58.340756
Tyler Ryan,34,55958 Perry Landing,South Patrick,Arkansas,12324,19.871821,-74.979150
Kevin King,78,378 Mark Run,Lake Connieside,Washington,27757,-21.719229,-66.123292
Krystal Middleton,50,576 Randy Crossroad Suite 059,East William,Virginia,18204,25.616196,-37.7706315
Wendy Butler,64,8284 Christina Way Apt. 907,Cruzborough,Connecticut,40138,40.861998,74.2998315
Brent Miller,41,3639 Leslie Place,Sherrybury,Iowa,19167,25.908195,-55.4856875
Colton Mason,66,726 James Wells,West Stevetown,Nebraska,81366,118.568473,35.1603805
Joseph Cook,25,741 Mckee Lane Suite 543,West James,Wyoming,52374,-3.578429,48.959496
Darrell Smith,50,18145 Jeffrey Pass Apt. 863,Huntville,Delaware,71639,-15.460879,-53.330722
Melissa Jacobs,73,304 Robert Gateway,Courtneyview,Rhode Island,80436,-81.396190,48.9871395
James Lowery,61,55806 Phillips Mission Suite 482,Lake Michael,South Dakota,97680,37.759894,-58.133646
Lisa Wright,27,9110 Wood Bypass Suite 310,West Austin,South Dakota,01082,15.939253,29.9846285
Gary Porter,54,779 Kristopher Fields Suite 301,Walkerberg,Nevada,70524,91.710319,75.9446195
Andrew Watts DDS,37,13466 Nathan Ford Suite 071,West Derrickberg,South Carolina,52971,-149.051164,-8.265491
Charles Lucas,22,95559 Misty Ridge Apt. 136,New Isaiahbury,Arkansas,50604,92.988983,75.491098
Jeremy Lopez,79,260 Snyder Bypass,Jamesborough,Missouri,80866,113.501271,-66.7663465
Savannah Thomas,61,936 Daniel Turnpike,Christyborough,Arkansas,64559,-179.735197,0.433114
Matthew Smith,68,89495 Martinez Well,South Thomas,New Jersey,31323,78.119326,-4.0818985
Michael Scott,73,69470 Candace Branch Apt. 898,New Tanner,California,72533,78.947809,15.6298465
Stephanie Underwood,43,956 Samantha Land Apt. 051,Millerfurt,Minnesota,88512,-156.574563,-4.763101
Thomas Mccarthy,42,240 Henderson Roads Suite 921,Williamschester,Kansas,20081,-173.251318,-43.9163835
Laura Nichols,28,093 Meghan Points Apt. 847,Levyfurt,North Carolina,18241,152.613686,40.9462235
Danielle Nichols,57,41619 Sandra Way,Nicoletown,Pennsylvania,82019,-159.231537,1.436054
Ashley Shelton,41,0832 Arellano Parkway Apt. 732,Lake Nicoleview,Mississippi,61420,133.181996,-10.292122
Ronald Hernandez,66,72642 Jillian Branch,Lake Katrinahaven,Washington,71449,-102.950126,76.018082
Debra Johnson,56,6692 Jackson Fall Suite 098,New Nicoleborough,Michigan,03855,172.631111,-71.257318
Gina Peterson,69,5667 Allen Field Apt. 697,South Veronica,Texas,44969,73.010557,-54.829851
Molly York,57,445 Thomas Island Suite 257,Jessetown,Kentucky,06079,122.630387,65.746423
